Employee_ID,Department,Job_Title,Hire_Date,Salary,Satisfaction_Score,Attrition,Reason_for_Leaving
EMP-1000,Engineering,Data Analyst,06/02/2023,88619,5,No,N/A
EMP-1001,Sales,Sales Rep,25/09/2022,82557,5,No,N/A
EMP-1002,Sales,Sales Manager,17/05/2018,111414,3,No,N/A
EMP-1003,HR,HR Manager,15/04/2023,90350,5,No,N/A
EMP-1004,Marketing,Marketing Specialist,08/03/2022,70723,5,No,N/A
EMP-1005,Engineering,DevOps Specialist,13/03/2019,78949,1,No,N/A
EMP-1006,Marketing,Content Creator,27/11/2021,81499,5,No,N/A
EMP-1007,Marketing,Marketing Specialist,31/01/2020,72950,4,No,N/A
EMP-1008,Sales,Sales Rep,08/11/2019,84581,4,Yes,Relocation
EMP-1009,Engineering,Software Engineer,12/07/2020,79944,1,Yes,Career Growth
EMP-1010,Engineering,DevOps Specialist,17/02/2018,60101,3,Yes,Relocation
EMP-1011,Sales,Account Exec,11/02/2022,77951,4,No,N/A
EMP-1012,Marketing,SEO Analyst,28/06/2021,107322,1,Yes,Salary
EMP-1013,Sales,Account Exec,22/10/2021,65846,5,No,N/A
EMP-1014,Engineering,DevOps Specialist,28/03/2019,65499,4,No,N/A
EMP-1015,HR,HR Generalist,03/02/2022,67690,3,No,N/A
EMP-1016,Engineering,DevOps Specialist,08/11/2021,59922,2,No,N/A
EMP-1017,Sales,Sales Rep,14/06/2020,63873,2,Yes,Management
EMP-1018,Engineering,Software Engineer,13/09/2022,92924,5,No,N/A
EMP-1019,Engineering,Data Analyst,02/09/2019,91148,1,Yes,Management
EMP-1020,Sales,Account Exec,21/03/2018,80887,3,No,N/A
EMP-1021,Engineering,DevOps Specialist,12/12/2020,78322,1,Yes,Work-Life Balance
EMP-1022,Marketing,SEO Analyst,07/04/2018,84627,2,Yes,Career Growth
EMP-1023,Engineering,Software Engineer,21/07/2019,61423,2,Yes,Management
EMP-1024,Sales,Sales Manager,02/02/2023,58676,5,No,N/A
EMP-1025,Sales,Sales Rep,25/04/2023,65850,2,No,N/A
EMP-1026,Sales,Sales Rep,28/07/2018,84737,1,Yes,Work-Life Balance
EMP-1027,Engineering,Software Engineer,12/01/2018,80384,5,No,N/A
EMP-1028,Engineering,DevOps Specialist,12/04/2018,87410,3,Yes,Management
EMP-1029,Sales,Account Exec,16/11/2019,77445,3,No,N/A
EMP-1030,Marketing,Marketing Specialist,20/03/2022,53270,2,Yes,Work-Life Balance
EMP-1031,Engineering,Software Engineer,01/05/2020,83623,3,No,N/A
EMP-1032,Marketing,Content Creator,04/04/2023,54194,2,Yes,Relocation
EMP-1033,Engineering,Data Analyst,20/12/2019,83652,5,No,N/A
EMP-1034,Finance,Accountant,13/10/2022,79555,1,Yes,Management
EMP-1035,Sales,Sales Manager,30/08/2019,73803,2,Yes,Work-Life Balance
EMP-1036,Engineering,Data Analyst,14/03/2019,52428,1,Yes,Management
EMP-1037,Engineering,Software Engineer,28/06/2021,74723,2,Yes,Salary
EMP-1038,Engineering,Software Engineer,27/05/2019,80225,3,No,N/A
EMP-1039,Engineering,Software Engineer,10/07/2018,67451,1,Yes,Relocation
EMP-1040,Sales,Sales Rep,30/03/2019,84132,2,Yes,Management
EMP-1041,Sales,Account Exec,01/10/2020,79297,1,Yes,Management
EMP-1042,Marketing,Content Creator,02/05/2023,67505,5,No,N/A
EMP-1043,Sales,Sales Rep,18/02/2023,74645,3,No,N/A
EMP-1044,Sales,Sales Manager,09/02/2019,86757,2,Yes,Salary
EMP-1045,Sales,Sales Rep,21/02/2018,81177,2,Yes,Salary
EMP-1046,Finance,Financial Analyst,03/03/2021,77206,1,Yes,Relocation
EMP-1047,Marketing,Content Creator,03/12/2020,75254,4,Yes,Relocation
EMP-1048,Finance,Financial Analyst,15/01/2022,80404,5,Yes,Work-Life Balance
EMP-1049,Engineering,Data Analyst,24/06/2020,71202,2,No,N/A
EMP-1050,Sales,Account Exec,05/01/2023,66294,1,Yes,Salary
EMP-1051,Engineering,Data Analyst,25/06/2019,93135,4,No,N/A
EMP-1052,Sales,Account Exec,24/03/2018,73021,4,No,N/A
EMP-1053,Sales,Sales Manager,28/10/2021,54973,1,No,N/A
EMP-1054,Engineering,DevOps Specialist,04/04/2021,67996,2,Yes,Management
EMP-1055,Finance,Accountant,29/10/2018,47891,3,No,N/A
EMP-1056,Engineering,DevOps Specialist,25/08/2022,96170,2,Yes,Relocation
EMP-1057,Finance,Financial Analyst,19/12/2019,94130,1,Yes,Relocation
EMP-1058,Engineering,DevOps Specialist,23/06/2019,69992,2,Yes,Relocation
EMP-1059,Engineering,DevOps Specialist,17/12/2021,54045,1,Yes,Management
EMP-1060,Marketing,Marketing Specialist,02/07/2019,76951,3,No,N/A
EMP-1061,Sales,Sales Rep,27/04/2023,80748,2,Yes,Work-Life Balance
EMP-1062,Finance,Financial Analyst,28/05/2019,86769,5,No,N/A
EMP-1063,Sales,Sales Rep,28/07/2020,93442,3,No,N/A
EMP-1064,Finance,Controller,31/05/2018,68311,5,No,N/A
EMP-1065,Sales,Sales Manager,14/06/2018,85288,2,No,N/A
EMP-1066,Engineering,Software Engineer,27/03/2019,94353,1,No,N/A
EMP-1067,Sales,Sales Rep,20/12/2019,52825,1,Yes,Management
EMP-1068,Marketing,SEO Analyst,13/09/2019,67377,4,No,N/A
EMP-1069,Engineering,Data Analyst,09/07/2021,105436,1,Yes,Work-Life Balance
EMP-1070,Engineering,DevOps Specialist,12/07/2021,76718,5,No,N/A
EMP-1071,Finance,Controller,24/07/2020,69472,4,No,N/A
EMP-1072,Sales,Sales Rep,20/10/2020,58597,3,No,N/A
EMP-1073,Engineering,Software Engineer,25/10/2019,88667,4,No,N/A
EMP-1074,Sales,Account Exec,25/05/2018,84004,3,No,N/A
EMP-1075,Sales,Sales Manager,26/07/2018,73899,1,No,N/A
EMP-1076,Finance,Controller,05/01/2018,48251,5,No,N/A
EMP-1077,Engineering,Data Analyst,08/07/2018,78983,2,Yes,Relocation
EMP-1078,Engineering,Data Analyst,14/07/2021,97714,5,No,N/A
EMP-1079,HR,Recruiter,17/07/2019,113481,4,Yes,Relocation
EMP-1080,Finance,Accountant,04/02/2023,84080,3,No,N/A
EMP-1081,Engineering,Software Engineer,30/05/2020,52116,2,Yes,Relocation
EMP-1082,Engineering,Data Analyst,09/06/2023,60405,2,No,N/A
EMP-1083,Finance,Financial Analyst,05/08/2021,77830,5,No,N/A
EMP-1084,Finance,Accountant,20/12/2021,61486,4,No,N/A
EMP-1085,Engineering,Data Analyst,07/06/2020,75831,3,No,N/A
EMP-1086,Sales,Sales Rep,13/03/2020,62746,4,No,N/A
EMP-1087,Engineering,Data Analyst,10/06/2018,76834,1,No,N/A
EMP-1088,Engineering,Software Engineer,20/03/2019,51313,5,No,N/A
EMP-1089,Engineering,Software Engineer,24/04/2022,66669,3,No,N/A
EMP-1090,Engineering,Software Engineer,12/01/2022,71010,5,No,N/A
EMP-1091,Engineering,Data Analyst,04/06/2018,53357,4,No,N/A
EMP-1092,Marketing,Content Creator,18/06/2023,74614,4,No,N/A
EMP-1093,HR,HR Manager,26/04/2020,93583,1,Yes,Salary
EMP-1094,Sales,Sales Manager,22/08/2019,59248,5,No,N/A
EMP-1095,Sales,Sales Rep,10/12/2022,60847,4,No,N/A
EMP-1096,Marketing,SEO Analyst,31/05/2023,86471,2,Yes,Salary
EMP-1097,Engineering,Data Analyst,08/04/2023,69101,1,Yes,Relocation
EMP-1098,Sales,Sales Rep,13/07/2021,63308,1,Yes,Management
EMP-1099,Sales,Sales Manager,09/10/2018,69447,3,No,N/A
EMP-1100,Sales,Sales Manager,11/08/2018,70410,2,Yes,Relocation
EMP-1101,Finance,Accountant,09/04/2022,85172,1,Yes,Salary
EMP-1102,Engineering,Software Engineer,23/01/2020,65346,3,No,N/A
EMP-1103,Marketing,Content Creator,10/04/2019,59245,2,Yes,Management
EMP-1104,Sales,Account Exec,04/12/2021,69499,5,No,N/A
EMP-1105,Engineering,Software Engineer,23/06/2018,83840,1,No,N/A
EMP-1106,Marketing,Content Creator,30/10/2020,86164,2,No,N/A
EMP-1107,Finance,Financial Analyst,06/05/2023,111271,3,No,N/A
EMP-1108,Engineering,Software Engineer,20/06/2018,89012,4,Yes,Salary
EMP-1109,HR,HR Generalist,10/07/2018,79618,3,Yes,Management
EMP-1110,Marketing,Content Creator,31/05/2021,47583,3,No,N/A
EMP-1111,Engineering,Software Engineer,15/10/2022,90600,1,Yes,Salary
EMP-1112,Sales,Sales Manager,10/07/2021,71265,3,No,N/A
EMP-1113,Sales,Sales Manager,07/01/2019,71186,2,Yes,Work-Life Balance
EMP-1114,Finance,Financial Analyst,14/11/2019,58169,1,Yes,Work-Life Balance
EMP-1115,Marketing,SEO Analyst,04/10/2021,56091,2,Yes,Management
EMP-1116,Engineering,DevOps Specialist,01/08/2019,39941,5,No,N/A
EMP-1117,Sales,Sales Rep,10/06/2023,105309,3,No,N/A
EMP-1118,Engineering,Data Analyst,06/02/2019,103803,2,No,N/A
EMP-1119,Finance,Financial Analyst,12/07/2018,101058,3,No,N/A
EMP-1120,HR,Recruiter,26/08/2018,93507,1,Yes,Relocation
EMP-1121,Sales,Sales Manager,14/08/2020,104213,5,No,N/A
EMP-1122,Engineering,Data Analyst,09/05/2021,86206,3,No,N/A
EMP-1123,Engineering,DevOps Specialist,11/12/2022,67652,1,Yes,Salary
EMP-1124,Engineering,Data Analyst,31/07/2020,80404,3,No,N/A
EMP-1125,Marketing,SEO Analyst,09/01/2020,87129,1,Yes,Management
EMP-1126,Engineering,Software Engineer,23/03/2019,101552,4,No,N/A
EMP-1127,Finance,Accountant,03/06/2019,67605,1,Yes,Career Growth
EMP-1128,Sales,Sales Manager,08/12/2020,91027,3,No,N/A
EMP-1129,Sales,Account Exec,10/11/2018,33641,5,No,N/A
EMP-1130,Engineering,DevOps Specialist,29/03/2023,93961,3,No,N/A
EMP-1131,Finance,Controller,13/10/2018,60676,4,No,N/A
EMP-1132,Engineering,Software Engineer,23/02/2020,57584,2,Yes,Work-Life Balance
EMP-1133,Engineering,Data Analyst,01/02/2023,80089,4,No,N/A
EMP-1134,Sales,Sales Rep,22/03/2022,76591,1,Yes,Work-Life Balance
EMP-1135,Marketing,SEO Analyst,09/10/2022,71456,1,Yes,Management
EMP-1136,Engineering,DevOps Specialist,10/02/2021,54683,5,No,N/A
EMP-1137,Engineering,Data Analyst,03/02/2021,61823,2,Yes,Salary
EMP-1138,Finance,Controller,12/05/2021,69781,4,Yes,Salary
EMP-1139,Sales,Account Exec,18/01/2022,68217,4,No,N/A
EMP-1140,Marketing,Marketing Specialist,23/01/2021,94559,5,No,N/A
EMP-1141,Engineering,DevOps Specialist,06/07/2019,94519,5,No,N/A
EMP-1142,Engineering,Software Engineer,15/07/2019,78341,4,No,N/A
EMP-1143,Engineering,Software Engineer,15/11/2022,67379,5,No,N/A
EMP-1144,Sales,Sales Rep,24/11/2021,77037,3,No,N/A
EMP-1145,Engineering,Data Analyst,05/10/2021,72912,1,No,N/A
EMP-1146,Engineering,DevOps Specialist,29/12/2022,72920,2,No,N/A
EMP-1147,Marketing,Content Creator,19/07/2022,70180,2,Yes,Management
EMP-1148,Engineering,Data Analyst,05/10/2018,82265,3,No,N/A
EMP-1149,Marketing,SEO Analyst,17/12/2021,76671,5,No,N/A
EMP-1150,Sales,Sales Manager,02/10/2020,59013,3,Yes,Work-Life Balance
EMP-1151,Engineering,Software Engineer,19/06/2018,49687,1,Yes,Relocation
EMP-1152,Engineering,Data Analyst,21/04/2019,81334,3,No,N/A
EMP-1153,Engineering,DevOps Specialist,09/01/2018,86009,2,No,N/A
EMP-1154,Engineering,DevOps Specialist,02/11/2020,85123,5,No,N/A
EMP-1155,Sales,Sales Manager,27/05/2022,54960,2,Yes,Work-Life Balance
EMP-1156,Engineering,Software Engineer,26/01/2018,58924,5,No,N/A
EMP-1157,Engineering,Data Analyst,13/12/2020,77242,5,No,N/A
EMP-1158,Engineering,Data Analyst,10/11/2021,112936,5,No,N/A
EMP-1159,Sales,Sales Rep,25/02/2020,44831,4,Yes,Work-Life Balance
EMP-1160,Engineering,Data Analyst,03/02/2020,63354,2,No,N/A
EMP-1161,Sales,Account Exec,16/10/2022,68697,1,No,N/A
EMP-1162,Finance,Accountant,18/02/2019,76064,3,No,N/A
EMP-1163,Sales,Account Exec,05/08/2022,70924,3,No,N/A
EMP-1164,Marketing,Marketing Specialist,01/06/2022,52133,4,No,N/A
EMP-1165,Engineering,Software Engineer,25/07/2019,79142,1,Yes,Relocation
EMP-1166,Engineering,DevOps Specialist,08/08/2020,51847,3,No,N/A
EMP-1167,Engineering,Software Engineer,15/04/2023,93275,5,No,N/A
EMP-1168,Engineering,DevOps Specialist,04/05/2020,103774,4,No,N/A
EMP-1169,Sales,Account Exec,20/01/2022,61413,5,No,N/A
EMP-1170,Engineering,DevOps Specialist,25/02/2021,86291,4,No,N/A
EMP-1171,Engineering,Software Engineer,21/11/2021,65042,4,No,N/A
EMP-1172,Sales,Sales Rep,21/02/2022,83785,1,Yes,Relocation
EMP-1173,Sales,Sales Rep,23/10/2022,63879,1,No,N/A
EMP-1174,Engineering,DevOps Specialist,15/03/2019,71236,1,Yes,Salary
EMP-1175,Engineering,DevOps Specialist,13/02/2021,58612,3,No,N/A
EMP-1176,Finance,Accountant,03/04/2020,75673,3,No,N/A
EMP-1177,HR,Recruiter,05/07/2020,68560,5,No,N/A
EMP-1178,Engineering,Data Analyst,07/03/2022,65698,2,Yes,Management
EMP-1179,Marketing,SEO Analyst,16/06/2022,49617,4,No,N/A
EMP-1180,Engineering,DevOps Specialist,24/04/2021,88645,3,No,N/A
EMP-1181,Sales,Sales Manager,11/02/2019,68416,1,No,N/A
EMP-1182,Engineering,DevOps Specialist,15/03/2018,74929,1,No,N/A
EMP-1183,Sales,Sales Manager,07/03/2020,79630,1,No,N/A
EMP-1184,Sales,Sales Rep,25/01/2022,83756,1,Yes,Career Growth
EMP-1185,Marketing,SEO Analyst,28/07/2021,71334,2,Yes,Career Growth
EMP-1186,Sales,Sales Manager,18/02/2023,87940,3,No,N/A
EMP-1187,Finance,Accountant,09/12/2021,93448,1,Yes,Relocation
EMP-1188,Engineering,Data Analyst,22/12/2022,87377,1,Yes,Salary
EMP-1189,Marketing,Content Creator,17/04/2020,59478,4,No,N/A
EMP-1190,Marketing,Content Creator,09/12/2019,52091,1,Yes,Salary
EMP-1191,Marketing,Content Creator,29/12/2020,87610,4,No,N/A
EMP-1192,Engineering,Data Analyst,26/10/2021,99681,2,Yes,Relocation
EMP-1193,Engineering,Data Analyst,17/09/2018,102776,5,No,N/A
EMP-1194,Engineering,Software Engineer,23/11/2019,75633,3,No,N/A
EMP-1195,Sales,Account Exec,23/05/2018,68535,3,No,N/A
EMP-1196,Sales,Sales Rep,07/03/2020,52495,3,No,N/A
EMP-1197,Marketing,Marketing Specialist,14/09/2020,87590,1,Yes,Work-Life Balance
EMP-1198,Marketing,Content Creator,28/03/2018,76030,4,No,N/A
EMP-1199,Sales,Account Exec,22/03/2023,86300,2,No,N/A
EMP-1200,Engineering,Software Engineer,16/02/2023,74318,1,Yes,Work-Life Balance
EMP-1201,Sales,Sales Rep,10/12/2019,66516,2,Yes,Management
EMP-1202,Sales,Sales Manager,01/11/2019,72078,5,No,N/A
EMP-1203,Engineering,DevOps Specialist,18/09/2021,49834,1,Yes,Career Growth
EMP-1204,Engineering,Software Engineer,03/02/2023,47014,5,No,N/A
EMP-1205,Engineering,Software Engineer,23/07/2021,67707,1,Yes,Relocation
EMP-1206,Engineering,Data Analyst,23/06/2021,73011,3,Yes,Career Growth
EMP-1207,Engineering,Software Engineer,06/11/2020,55912,2,Yes,Salary
EMP-1208,Sales,Sales Manager,31/10/2021,78519,4,No,N/A
EMP-1209,Engineering,DevOps Specialist,22/01/2019,82404,3,No,N/A
EMP-1210,HR,HR Generalist,29/07/2021,87510,4,No,N/A
EMP-1211,Engineering,Data Analyst,31/08/2018,65337,1,Yes,Career Growth
EMP-1212,Engineering,Software Engineer,04/01/2018,75047,2,Yes,Relocation
EMP-1213,Engineering,Software Engineer,15/03/2020,75194,2,No,N/A
EMP-1214,Engineering,Data Analyst,18/06/2022,83512,2,No,N/A
EMP-1215,Engineering,Data Analyst,06/03/2020,97726,1,Yes,Relocation
EMP-1216,Engineering,Software Engineer,04/09/2022,88225,4,No,N/A
EMP-1217,Sales,Sales Manager,24/10/2020,69772,4,Yes,Career Growth
EMP-1218,Marketing,Content Creator,21/07/2021,72946,4,No,N/A
EMP-1219,Engineering,DevOps Specialist,10/10/2018,75972,3,No,N/A
EMP-1220,Engineering,Data Analyst,01/03/2019,59638,5,No,N/A
EMP-1221,HR,Recruiter,13/02/2019,61794,4,No,N/A
EMP-1222,Marketing,SEO Analyst,22/08/2022,60608,2,Yes,Work-Life Balance
EMP-1223,Engineering,DevOps Specialist,26/07/2021,81795,2,Yes,Work-Life Balance
EMP-1224,Sales,Account Exec,13/08/2020,78256,3,No,N/A
EMP-1225,Engineering,DevOps Specialist,27/06/2018,85093,5,No,N/A
EMP-1226,Engineering,Software Engineer,11/04/2019,74697,5,No,N/A
EMP-1227,Engineering,Software Engineer,14/03/2022,90737,2,Yes,Relocation
EMP-1228,Marketing,SEO Analyst,27/10/2020,49150,2,Yes,Salary
EMP-1229,Finance,Financial Analyst,07/01/2022,43468,4,No,N/A
EMP-1230,Engineering,Software Engineer,11/01/2023,99376,5,Yes,Work-Life Balance
EMP-1231,Sales,Sales Manager,22/07/2020,86728,2,Yes,Management
EMP-1232,Finance,Accountant,20/10/2022,57397,5,No,N/A
EMP-1233,Engineering,Software Engineer,02/04/2020,90833,2,Yes,Work-Life Balance
EMP-1234,Engineering,Data Analyst,04/02/2023,74115,1,Yes,Relocation
EMP-1235,Engineering,Software Engineer,28/12/2020,56867,5,Yes,Relocation
EMP-1236,Finance,Accountant,26/01/2019,89490,3,No,N/A
EMP-1237,Sales,Sales Rep,28/09/2021,82892,4,No,N/A
EMP-1238,Finance,Controller,15/04/2021,71719,4,No,N/A
EMP-1239,Engineering,DevOps Specialist,15/08/2019,64487,2,Yes,Work-Life Balance
EMP-1240,Engineering,Data Analyst,19/06/2018,51254,3,No,N/A
EMP-1241,Sales,Sales Manager,16/04/2021,67531,3,No,N/A
EMP-1242,Marketing,Marketing Specialist,10/01/2022,91956,1,Yes,Career Growth
EMP-1243,Engineering,Data Analyst,24/11/2020,75821,1,Yes,Salary
EMP-1244,Sales,Sales Rep,13/04/2021,54461,5,No,N/A
EMP-1245,Marketing,Content Creator,24/03/2023,67542,3,No,N/A
EMP-1246,Engineering,Software Engineer,23/12/2018,72611,4,No,N/A
EMP-1247,Engineering,Software Engineer,09/07/2020,53056,2,Yes,Salary
EMP-1248,Engineering,Data Analyst,27/03/2018,81184,5,No,N/A
EMP-1249,Engineering,DevOps Specialist,21/07/2018,86598,2,Yes,Management
EMP-1250,Sales,Account Exec,01/03/2023,92445,3,No,N/A
EMP-1251,Sales,Account Exec,28/04/2023,52254,1,Yes,Career Growth
EMP-1252,Engineering,Data Analyst,06/04/2022,87297,1,Yes,Management
EMP-1253,Engineering,DevOps Specialist,03/05/2022,85021,4,No,N/A
EMP-1254,Engineering,Software Engineer,30/12/2018,49314,4,No,N/A
EMP-1255,Engineering,Software Engineer,25/05/2023,90096,1,Yes,Management
EMP-1256,Engineering,DevOps Specialist,12/03/2023,78194,1,No,N/A
EMP-1257,HR,HR Generalist,12/12/2018,60348,1,Yes,Career Growth
EMP-1258,Sales,Sales Manager,09/05/2018,72126,4,No,N/A
EMP-1259,Sales,Sales Rep,24/06/2018,70628,5,No,N/A
EMP-1260,HR,HR Generalist,05/09/2019,95426,3,No,N/A
EMP-1261,Engineering,Software Engineer,31/10/2022,65770,4,No,N/A
EMP-1262,Engineering,DevOps Specialist,18/06/2019,57584,2,Yes,Management
EMP-1263,Engineering,DevOps Specialist,23/09/2018,76725,3,No,N/A
EMP-1264,Engineering,DevOps Specialist,04/12/2018,79391,1,Yes,Work-Life Balance
EMP-1265,Finance,Accountant,19/10/2022,77398,3,No,N/A
EMP-1266,Marketing,Marketing Specialist,11/04/2019,71106,2,No,N/A
EMP-1267,Finance,Controller,29/03/2018,76758,5,Yes,Relocation
EMP-1268,Engineering,Data Analyst,06/08/2022,64449,2,Yes,Management
EMP-1269,Engineering,Data Analyst,30/04/2023,58373,3,No,N/A
EMP-1270,Finance,Accountant,25/04/2023,71087,3,No,N/A
EMP-1271,Marketing,SEO Analyst,13/05/2018,62020,3,No,N/A
EMP-1272,Sales,Sales Manager,20/04/2018,93541,2,Yes,Relocation
EMP-1273,Sales,Sales Rep,10/03/2022,65351,2,Yes,Work-Life Balance
EMP-1274,Marketing,Content Creator,11/07/2018,88087,5,No,N/A
EMP-1275,Finance,Accountant,06/11/2020,86017,2,Yes,Salary
EMP-1276,Engineering,DevOps Specialist,15/08/2019,72797,2,Yes,Relocation
EMP-1277,HR,HR Generalist,22/02/2023,67184,3,No,N/A
EMP-1278,Sales,Sales Rep,21/03/2019,37234,4,No,N/A
EMP-1279,Marketing,Marketing Specialist,10/08/2022,107996,5,No,N/A
EMP-1280,Finance,Financial Analyst,21/12/2019,62968,4,No,N/A
EMP-1281,Engineering,DevOps Specialist,22/12/2020,97003,4,No,N/A
EMP-1282,Sales,Account Exec,14/06/2022,82557,3,No,N/A
EMP-1283,Sales,Account Exec,18/10/2021,90840,3,Yes,Management
EMP-1284,Sales,Sales Rep,10/11/2021,123444,1,Yes,Relocation
EMP-1285,Finance,Accountant,02/03/2022,76340,2,Yes,Work-Life Balance
EMP-1286,Engineering,Software Engineer,09/06/2023,62485,3,No,N/A
EMP-1287,Marketing,Marketing Specialist,25/08/2020,79989,2,No,N/A
EMP-1288,Finance,Controller,11/06/2019,77627,1,Yes,Management
EMP-1289,Engineering,Data Analyst,06/12/2022,99933,2,Yes,Relocation
EMP-1290,Engineering,Software Engineer,07/12/2020,85614,5,No,N/A
EMP-1291,Marketing,SEO Analyst,19/03/2023,98321,3,No,N/A
EMP-1292,Engineering,Software Engineer,03/05/2018,74376,4,Yes,Career Growth
EMP-1293,Sales,Sales Rep,01/10/2020,66776,2,Yes,Salary
EMP-1294,Finance,Controller,02/02/2020,59533,3,No,N/A
EMP-1295,Marketing,Content Creator,13/02/2022,64074,4,No,N/A
EMP-1296,Engineering,Data Analyst,02/03/2019,51570,3,No,N/A
EMP-1297,HR,HR Manager,17/04/2020,65878,4,No,N/A
EMP-1298,Engineering,Software Engineer,08/05/2021,75541,4,Yes,Work-Life Balance
EMP-1299,Finance,Financial Analyst,14/06/2023,97194,1,Yes,Career Growth
EMP-1300,Finance,Financial Analyst,25/04/2022,96389,2,Yes,Work-Life Balance
EMP-1301,Finance,Controller,28/12/2020,80144,2,Yes,Management
EMP-1302,Sales,Sales Manager,12/10/2020,89877,2,Yes,Work-Life Balance
EMP-1303,Engineering,DevOps Specialist,04/09/2021,85234,2,Yes,Career Growth
EMP-1304,Marketing,SEO Analyst,01/07/2020,70414,5,No,N/A
EMP-1305,Sales,Account Exec,18/07/2020,95695,3,No,N/A
EMP-1306,HR,HR Manager,24/12/2019,84566,2,Yes,Management
EMP-1307,HR,HR Generalist,17/01/2019,85013,2,Yes,Career Growth
EMP-1308,Marketing,Marketing Specialist,29/07/2019,68172,4,Yes,Work-Life Balance
EMP-1309,Engineering,Software Engineer,16/01/2020,60300,1,Yes,Work-Life Balance
EMP-1310,Engineering,Data Analyst,21/03/2021,48591,5,No,N/A
EMP-1311,Marketing,Content Creator,09/09/2021,68460,2,Yes,Salary
EMP-1312,Sales,Sales Manager,15/06/2023,64386,1,No,N/A
EMP-1313,Sales,Account Exec,13/10/2022,67244,4,No,N/A
EMP-1314,Sales,Account Exec,20/04/2023,67259,2,Yes,Work-Life Balance
EMP-1315,Marketing,Content Creator,05/01/2020,83732,1,Yes,Work-Life Balance
EMP-1316,HR,HR Generalist,04/08/2019,75346,4,No,N/A
EMP-1317,Engineering,Data Analyst,30/11/2021,57292,5,Yes,Career Growth
EMP-1318,Sales,Sales Rep,06/02/2019,77437,2,Yes,Career Growth
EMP-1319,Engineering,Data Analyst,04/01/2023,75956,5,No,N/A
EMP-1320,Sales,Sales Rep,24/02/2023,75666,5,No,N/A
EMP-1321,Engineering,Software Engineer,01/03/2023,70470,4,No,N/A
EMP-1322,Sales,Sales Rep,01/02/2023,51421,5,No,N/A
EMP-1323,Engineering,Data Analyst,26/01/2019,86279,4,No,N/A
EMP-1324,Marketing,Content Creator,07/11/2018,65334,3,No,N/A
EMP-1325,Engineering,Data Analyst,17/01/2019,64945,3,No,N/A
EMP-1326,Sales,Sales Manager,09/10/2021,83240,5,No,N/A
EMP-1327,Marketing,Marketing Specialist,28/05/2021,71943,3,No,N/A
EMP-1328,Sales,Sales Manager,25/06/2018,44929,4,Yes,Work-Life Balance
EMP-1329,Finance,Financial Analyst,23/03/2023,65485,5,No,N/A
EMP-1330,Finance,Accountant,11/05/2018,94937,2,Yes,Relocation
EMP-1331,Sales,Sales Manager,11/07/2021,67841,2,No,N/A
EMP-1332,Engineering,DevOps Specialist,05/06/2021,66197,4,No,N/A
EMP-1333,Finance,Financial Analyst,30/03/2021,81340,2,Yes,Management
EMP-1334,Marketing,SEO Analyst,25/10/2019,74667,2,No,N/A
EMP-1335,Finance,Financial Analyst,14/10/2019,75061,1,No,N/A
EMP-1336,Sales,Account Exec,12/07/2022,87768,1,Yes,Relocation
EMP-1337,Sales,Sales Manager,09/05/2020,78656,4,No,N/A
EMP-1338,Engineering,Data Analyst,21/12/2018,61868,1,Yes,Relocation
EMP-1339,HR,HR Manager,27/09/2019,65863,2,Yes,Relocation
EMP-1340,Engineering,Software Engineer,17/12/2019,67641,3,No,N/A
EMP-1341,Finance,Financial Analyst,28/12/2022,73157,3,No,N/A
EMP-1342,Engineering,Software Engineer,30/01/2021,71162,1,Yes,Relocation
EMP-1343,Sales,Account Exec,06/01/2019,73192,1,Yes,Salary
EMP-1344,Sales,Sales Manager,10/07/2020,83444,3,No,N/A
EMP-1345,Engineering,Data Analyst,01/01/2023,55677,1,Yes,Management
EMP-1346,Sales,Sales Rep,03/08/2019,85485,1,No,N/A
EMP-1347,Sales,Sales Manager,19/11/2021,74546,3,Yes,Management
EMP-1348,Engineering,Data Analyst,04/09/2021,70330,4,No,N/A
EMP-1349,Marketing,Content Creator,19/05/2018,68457,2,Yes,Salary
EMP-1350,Marketing,Marketing Specialist,01/08/2022,59980,4,Yes,Salary
EMP-1351,Marketing,SEO Analyst,17/04/2021,52861,3,No,N/A
EMP-1352,Marketing,Marketing Specialist,05/03/2021,103866,5,Yes,Work-Life Balance
EMP-1353,Engineering,DevOps Specialist,22/01/2021,57615,2,Yes,Salary
EMP-1354,Marketing,SEO Analyst,28/06/2018,83336,4,Yes,Work-Life Balance
EMP-1355,Engineering,Data Analyst,30/04/2022,74435,2,Yes,Relocation
EMP-1356,Engineering,Software Engineer,13/03/2023,86424,3,No,N/A
EMP-1357,Sales,Sales Manager,03/02/2022,85509,3,No,N/A
EMP-1358,Engineering,Software Engineer,28/10/2020,85666,3,No,N/A
EMP-1359,Sales,Account Exec,07/07/2019,85440,2,Yes,Salary
EMP-1360,Engineering,Data Analyst,02/02/2019,75754,1,Yes,Salary
EMP-1361,Marketing,SEO Analyst,02/02/2022,96119,5,No,N/A
EMP-1362,Engineering,Software Engineer,28/11/2019,83541,4,No,N/A
EMP-1363,Engineering,DevOps Specialist,01/09/2020,62366,3,No,N/A
EMP-1364,Finance,Financial Analyst,10/10/2018,50999,4,No,N/A
EMP-1365,Engineering,Data Analyst,20/01/2018,39259,1,Yes,Career Growth
EMP-1366,Finance,Controller,23/08/2020,61946,2,Yes,Salary
EMP-1367,Sales,Sales Manager,01/05/2018,88348,2,Yes,Management
EMP-1368,Engineering,Software Engineer,09/12/2022,62793,2,No,N/A
EMP-1369,Finance,Financial Analyst,13/05/2018,68106,2,Yes,Management
EMP-1370,Finance,Accountant,29/04/2023,91807,1,Yes,Salary
EMP-1371,Engineering,DevOps Specialist,21/10/2022,55629,2,Yes,Relocation
EMP-1372,Engineering,Data Analyst,20/12/2021,66345,3,No,N/A
EMP-1373,Sales,Sales Manager,15/02/2022,80929,5,No,N/A
EMP-1374,Engineering,Data Analyst,17/04/2020,67198,1,Yes,Salary
EMP-1375,Finance,Accountant,25/04/2021,85412,4,Yes,Relocation
EMP-1376,Engineering,Software Engineer,15/10/2022,80210,1,No,N/A
EMP-1377,Marketing,Marketing Specialist,07/09/2021,72131,4,Yes,Work-Life Balance
EMP-1378,Sales,Sales Rep,15/08/2019,71443,3,No,N/A
EMP-1379,Engineering,Data Analyst,07/03/2018,64771,1,Yes,Salary
EMP-1380,Engineering,DevOps Specialist,25/05/2018,71057,2,Yes,Work-Life Balance
EMP-1381,Engineering,Data Analyst,26/04/2023,77692,5,Yes,Management
EMP-1382,Engineering,Data Analyst,07/06/2018,85087,4,No,N/A
EMP-1383,Sales,Sales Manager,11/01/2021,89540,2,Yes,Salary
EMP-1384,Engineering,Software Engineer,18/11/2018,69997,4,No,N/A
EMP-1385,Engineering,Software Engineer,18/04/2021,85402,5,No,N/A
EMP-1386,Sales,Account Exec,07/10/2018,71387,4,No,N/A
EMP-1387,Sales,Sales Manager,15/05/2018,68936,3,No,N/A
EMP-1388,Marketing,Marketing Specialist,15/10/2019,64115,4,No,N/A
EMP-1389,Marketing,Content Creator,05/05/2018,66065,5,No,N/A
EMP-1390,Sales,Sales Manager,03/10/2021,76376,4,No,N/A
EMP-1391,Marketing,SEO Analyst,11/01/2019,64344,5,No,N/A
EMP-1392,Finance,Financial Analyst,08/08/2018,82274,4,No,N/A
EMP-1393,Finance,Accountant,14/07/2018,66355,3,No,N/A
EMP-1394,Engineering,DevOps Specialist,14/10/2021,81823,1,No,N/A
EMP-1395,Engineering,Data Analyst,29/11/2020,75109,5,No,N/A
EMP-1396,Marketing,Content Creator,13/01/2022,80882,4,Yes,Salary
EMP-1397,Sales,Sales Manager,07/08/2019,87620,1,Yes,Salary
EMP-1398,Finance,Controller,20/06/2018,66933,5,Yes,Work-Life Balance
EMP-1399,HR,HR Manager,02/11/2018,65608,2,Yes,Salary
EMP-1400,Marketing,SEO Analyst,22/09/2022,55893,2,Yes,Salary
EMP-1401,Marketing,Content Creator,03/07/2020,69685,3,No,N/A
EMP-1402,Sales,Account Exec,10/02/2023,64346,3,No,N/A
EMP-1403,Engineering,Software Engineer,07/05/2022,39269,1,Yes,Career Growth
EMP-1404,Sales,Sales Rep,18/01/2022,76194,4,No,N/A
EMP-1405,Engineering,Data Analyst,24/09/2019,41820,2,Yes,Work-Life Balance
EMP-1406,Sales,Account Exec,11/01/2018,56496,2,Yes,Relocation
EMP-1407,Sales,Account Exec,02/10/2021,57160,1,No,N/A
EMP-1408,Marketing,Content Creator,25/02/2020,71970,3,No,N/A
EMP-1409,Engineering,DevOps Specialist,25/08/2018,52981,4,No,N/A
EMP-1410,Sales,Sales Manager,01/02/2021,60248,2,Yes,Relocation
EMP-1411,Engineering,Data Analyst,31/12/2019,72958,3,No,N/A
EMP-1412,Sales,Sales Manager,23/04/2021,64888,3,No,N/A
EMP-1413,Sales,Sales Manager,05/03/2020,40404,5,No,N/A
EMP-1414,Sales,Sales Manager,09/12/2018,77510,1,Yes,Career Growth
EMP-1415,Sales,Sales Rep,25/02/2018,75176,2,Yes,Career Growth
EMP-1416,Marketing,SEO Analyst,13/09/2018,75224,5,No,N/A
EMP-1417,Sales,Sales Manager,02/11/2018,57735,2,Yes,Relocation
EMP-1418,Engineering,Data Analyst,22/03/2021,67158,2,No,N/A
EMP-1419,Engineering,Software Engineer,21/11/2021,78358,5,No,N/A
EMP-1420,Sales,Account Exec,16/12/2022,62001,5,No,N/A
EMP-1421,Engineering,Data Analyst,02/12/2022,87870,4,No,N/A
EMP-1422,Sales,Account Exec,20/03/2021,78295,3,No,N/A
EMP-1423,Sales,Sales Manager,26/12/2019,76153,3,No,N/A
EMP-1424,Finance,Financial Analyst,27/12/2018,79471,1,Yes,Relocation
EMP-1425,Sales,Account Exec,24/07/2021,74889,4,No,N/A
EMP-1426,Engineering,Data Analyst,27/11/2018,80987,3,No,N/A
EMP-1427,Sales,Sales Manager,14/02/2020,54260,2,Yes,Management
EMP-1428,Finance,Controller,17/04/2022,78625,1,No,N/A
EMP-1429,Sales,Sales Manager,22/03/2021,74388,2,No,N/A
EMP-1430,Engineering,Software Engineer,24/03/2021,48564,5,No,N/A
EMP-1431,Sales,Sales Rep,15/10/2020,79398,4,No,N/A
EMP-1432,HR,HR Manager,16/09/2020,73048,3,No,N/A
EMP-1433,Marketing,SEO Analyst,24/05/2021,107399,3,No,N/A
EMP-1434,Engineering,DevOps Specialist,26/09/2020,58302,3,No,N/A
EMP-1435,Engineering,Software Engineer,17/02/2019,57978,5,No,N/A
EMP-1436,Marketing,Content Creator,01/06/2023,69134,4,No,N/A
EMP-1437,Sales,Sales Rep,23/01/2019,73828,1,No,N/A
EMP-1438,Engineering,DevOps Specialist,26/05/2019,82350,5,No,N/A
EMP-1439,HR,HR Generalist,30/08/2019,66919,3,No,N/A
EMP-1440,Engineering,DevOps Specialist,15/02/2023,54178,1,No,N/A
EMP-1441,Engineering,Software Engineer,08/04/2022,54561,2,Yes,Career Growth
EMP-1442,Sales,Sales Manager,24/01/2021,81746,1,Yes,Relocation
EMP-1443,Marketing,Marketing Specialist,12/01/2019,66750,1,Yes,Relocation
EMP-1444,Engineering,Software Engineer,20/01/2021,86543,1,No,N/A
EMP-1445,Engineering,Data Analyst,19/12/2019,57192,3,No,N/A
EMP-1446,Engineering,Data Analyst,27/05/2018,86889,3,No,N/A
EMP-1447,Engineering,Software Engineer,26/11/2019,56593,5,No,N/A
EMP-1448,HR,HR Manager,25/02/2019,99136,2,No,N/A
EMP-1449,Engineering,DevOps Specialist,27/03/2018,34730,4,No,N/A
EMP-1450,Marketing,Marketing Specialist,14/01/2021,102505,3,No,N/A
EMP-1451,Sales,Sales Manager,01/10/2018,94750,1,Yes,Relocation
EMP-1452,Marketing,Marketing Specialist,13/03/2020,63645,5,No,N/A
EMP-1453,Engineering,Data Analyst,26/02/2019,55844,2,Yes,Management
EMP-1454,HR,HR Generalist,08/11/2019,75007,2,Yes,Relocation
EMP-1455,Marketing,Content Creator,09/04/2022,47191,4,No,N/A
EMP-1456,Engineering,DevOps Specialist,09/02/2020,111552,5,No,N/A
EMP-1457,Marketing,Content Creator,27/12/2021,58448,4,No,N/A
EMP-1458,Sales,Account Exec,17/10/2022,66107,4,No,N/A
EMP-1459,Engineering,DevOps Specialist,11/03/2023,65334,4,No,N/A
EMP-1460,Marketing,SEO Analyst,05/02/2020,93660,5,Yes,Salary
EMP-1461,Engineering,DevOps Specialist,05/10/2021,102940,1,Yes,Salary
EMP-1462,Sales,Sales Manager,21/11/2022,71230,4,No,N/A
EMP-1463,Engineering,Software Engineer,03/05/2019,74238,5,No,N/A
EMP-1464,Finance,Accountant,22/01/2019,86132,1,Yes,Relocation
EMP-1465,Finance,Financial Analyst,26/12/2019,85339,3,No,N/A
EMP-1466,Engineering,Software Engineer,08/09/2020,45435,4,Yes,Relocation
EMP-1467,Finance,Financial Analyst,25/08/2018,84791,2,Yes,Relocation
EMP-1468,Engineering,DevOps Specialist,30/10/2021,73868,2,Yes,Work-Life Balance
EMP-1469,Sales,Sales Manager,12/07/2022,61832,1,No,N/A
EMP-1470,Engineering,Data Analyst,11/05/2021,99086,2,No,N/A
EMP-1471,Sales,Account Exec,29/03/2023,83399,2,Yes,Relocation
EMP-1472,Engineering,Data Analyst,08/03/2018,64507,3,No,N/A
EMP-1473,Sales,Sales Rep,21/10/2020,97347,2,Yes,Career Growth
EMP-1474,Sales,Sales Rep,01/09/2022,70403,5,No,N/A
EMP-1475,Finance,Financial Analyst,07/07/2019,72146,1,Yes,Work-Life Balance
EMP-1476,HR,HR Manager,18/09/2022,68774,1,Yes,Relocation
EMP-1477,Marketing,Marketing Specialist,30/03/2021,79436,2,No,N/A
EMP-1478,Engineering,Software Engineer,08/08/2018,84424,2,Yes,Management
EMP-1479,Sales,Account Exec,26/11/2019,55258,3,No,N/A
EMP-1480,Marketing,Marketing Specialist,08/10/2018,94342,1,Yes,Career Growth
EMP-1481,Sales,Account Exec,16/10/2018,70201,5,No,N/A
EMP-1482,Marketing,Marketing Specialist,19/05/2019,69151,2,No,N/A
EMP-1483,Engineering,Software Engineer,17/02/2023,68937,4,No,N/A
EMP-1484,Engineering,DevOps Specialist,23/01/2023,86433,1,Yes,Career Growth
EMP-1485,Engineering,DevOps Specialist,05/02/2018,71619,4,No,N/A
EMP-1486,Engineering,DevOps Specialist,08/12/2020,62661,2,Yes,Work-Life Balance
EMP-1487,HR,Recruiter,17/02/2021,83579,3,No,N/A
EMP-1488,Sales,Account Exec,07/12/2021,59276,5,No,N/A
EMP-1489,Marketing,Marketing Specialist,04/09/2018,86528,3,No,N/A
EMP-1490,Engineering,Data Analyst,05/06/2021,67335,4,Yes,Work-Life Balance
EMP-1491,Engineering,DevOps Specialist,01/07/2021,81993,1,Yes,Career Growth
EMP-1492,Finance,Financial Analyst,18/11/2022,64479,1,Yes,Relocation
EMP-1493,Engineering,DevOps Specialist,13/05/2018,78830,2,No,N/A
EMP-1494,Engineering,DevOps Specialist,13/11/2020,88704,1,Yes,Work-Life Balance
EMP-1495,Engineering,Software Engineer,02/06/2021,43170,4,No,N/A
EMP-1496,Marketing,Marketing Specialist,27/11/2022,60593,5,No,N/A
EMP-1497,Sales,Account Exec,20/09/2022,81008,3,No,N/A
EMP-1498,Sales,Sales Rep,16/07/2021,64250,2,Yes,Relocation
EMP-1499,Engineering,DevOps Specialist,06/07/2022,80710,4,No,N/A
EMP-1500,Sales,Sales Rep,21/02/2018,70811,4,No,N/A
EMP-1501,HR,HR Generalist,13/02/2020,92881,4,No,N/A
EMP-1502,Marketing,SEO Analyst,15/07/2019,94044,2,Yes,Management
EMP-1503,Engineering,DevOps Specialist,06/06/2019,72602,4,No,N/A
EMP-1504,Engineering,Software Engineer,20/09/2018,83249,4,No,N/A
EMP-1505,Sales,Account Exec,06/05/2022,76370,3,No,N/A
EMP-1506,Engineering,Software Engineer,17/10/2020,67431,5,No,N/A
EMP-1507,Sales,Sales Manager,14/02/2020,76404,3,No,N/A
EMP-1508,Engineering,DevOps Specialist,28/03/2019,86709,2,Yes,Management
EMP-1509,Finance,Controller,19/06/2023,91476,4,No,N/A
EMP-1510,Engineering,DevOps Specialist,26/03/2020,80211,1,Yes,Salary
EMP-1511,Engineering,DevOps Specialist,30/01/2023,75441,5,No,N/A
EMP-1512,Engineering,Data Analyst,25/04/2019,78457,2,Yes,Work-Life Balance
EMP-1513,Engineering,DevOps Specialist,21/12/2020,85343,5,No,N/A
EMP-1514,Marketing,Content Creator,13/02/2020,81162,1,No,N/A
EMP-1515,HR,Recruiter,02/02/2020,58753,5,No,N/A
EMP-1516,Marketing,Marketing Specialist,23/09/2019,58368,3,No,N/A
EMP-1517,Marketing,SEO Analyst,02/01/2019,71631,5,No,N/A
EMP-1518,Marketing,Content Creator,12/11/2022,64127,5,No,N/A
EMP-1519,Engineering,DevOps Specialist,22/01/2020,82141,3,No,N/A
EMP-1520,Engineering,DevOps Specialist,03/04/2020,60933,5,No,N/A
EMP-1521,HR,HR Generalist,09/02/2019,93572,3,No,N/A
EMP-1522,HR,HR Manager,22/10/2020,71464,3,No,N/A
EMP-1523,HR,HR Generalist,26/05/2022,71078,4,Yes,Career Growth
EMP-1524,Marketing,Content Creator,08/03/2021,60747,2,Yes,Relocation
EMP-1525,Sales,Account Exec,08/11/2018,69210,4,No,N/A
EMP-1526,HR,HR Manager,10/11/2018,105078,2,Yes,Work-Life Balance
EMP-1527,Engineering,Data Analyst,23/04/2020,66757,1,Yes,Management
EMP-1528,Sales,Sales Rep,24/03/2023,47965,4,Yes,Relocation
EMP-1529,Engineering,Software Engineer,02/02/2021,77590,4,No,N/A
EMP-1530,Engineering,Data Analyst,15/06/2023,101168,4,Yes,Salary
EMP-1531,Sales,Sales Manager,29/04/2023,87818,5,No,N/A
EMP-1532,Sales,Sales Manager,20/04/2022,66443,4,No,N/A
EMP-1533,Sales,Account Exec,04/01/2018,58065,1,Yes,Relocation
EMP-1534,Sales,Sales Rep,15/10/2020,72240,2,Yes,Relocation
EMP-1535,Engineering,DevOps Specialist,26/07/2021,74903,1,Yes,Management
EMP-1536,Sales,Sales Manager,26/06/2021,69943,4,No,N/A
EMP-1537,Engineering,Software Engineer,13/04/2018,47536,3,Yes,Salary
EMP-1538,HR,HR Generalist,11/06/2023,70485,4,No,N/A
EMP-1539,Sales,Sales Rep,06/05/2021,87153,4,No,N/A
EMP-1540,Marketing,SEO Analyst,09/02/2021,77803,1,No,N/A
EMP-1541,Sales,Sales Rep,09/12/2020,68882,4,No,N/A
EMP-1542,Engineering,Data Analyst,14/06/2018,100928,4,No,N/A
EMP-1543,Sales,Account Exec,03/09/2019,57299,2,No,N/A
EMP-1544,Sales,Sales Manager,11/03/2018,77560,3,No,N/A
EMP-1545,Sales,Sales Manager,14/02/2021,98702,4,No,N/A
EMP-1546,Marketing,SEO Analyst,24/07/2020,82562,1,Yes,Relocation
EMP-1547,Marketing,Content Creator,17/11/2021,80104,1,No,N/A
EMP-1548,Sales,Account Exec,25/07/2022,79107,3,Yes,Management
EMP-1549,Engineering,Data Analyst,12/07/2019,70853,2,Yes,Relocation
EMP-1550,Finance,Accountant,08/03/2021,74261,3,No,N/A
EMP-1551,Finance,Controller,12/04/2023,66189,3,Yes,Career Growth
EMP-1552,Finance,Controller,23/09/2019,101858,2,Yes,Career Growth
EMP-1553,Engineering,Data Analyst,12/07/2019,70310,3,No,N/A
EMP-1554,Marketing,Content Creator,17/04/2021,67801,4,No,N/A
EMP-1555,Marketing,Content Creator,27/08/2018,68393,3,No,N/A
EMP-1556,Sales,Sales Rep,28/04/2023,76096,1,Yes,Relocation
EMP-1557,Engineering,Software Engineer,30/08/2018,90590,1,Yes,Work-Life Balance
EMP-1558,Engineering,Data Analyst,22/08/2022,54376,5,No,N/A
EMP-1559,Engineering,DevOps Specialist,28/02/2020,61120,3,No,N/A
EMP-1560,Engineering,DevOps Specialist,14/09/2020,95743,5,No,N/A
EMP-1561,Sales,Account Exec,03/05/2020,51253,3,No,N/A
EMP-1562,Engineering,Software Engineer,03/05/2019,75436,5,No,N/A
EMP-1563,Sales,Sales Manager,19/12/2019,56742,1,Yes,Career Growth
EMP-1564,Marketing,Marketing Specialist,16/01/2023,49130,1,No,N/A
EMP-1565,Finance,Financial Analyst,17/03/2021,90516,3,No,N/A
EMP-1566,Engineering,Data Analyst,14/05/2022,83638,3,No,N/A
EMP-1567,Sales,Sales Rep,17/11/2020,88700,3,No,N/A
EMP-1568,Sales,Sales Rep,22/12/2022,94025,5,No,N/A
EMP-1569,Engineering,Data Analyst,22/12/2021,65151,2,No,N/A
EMP-1570,Engineering,Data Analyst,26/08/2018,85338,1,No,N/A
EMP-1571,Finance,Accountant,05/02/2020,72232,4,No,N/A
EMP-1572,Sales,Account Exec,10/08/2019,64572,5,No,N/A
EMP-1573,Marketing,SEO Analyst,13/10/2018,61798,3,No,N/A
EMP-1574,Marketing,Content Creator,08/05/2023,60194,3,No,N/A
EMP-1575,Sales,Sales Manager,01/04/2023,69917,4,No,N/A
EMP-1576,Marketing,SEO Analyst,05/08/2019,71775,1,Yes,Career Growth
EMP-1577,Engineering,Data Analyst,29/07/2021,103789,5,No,N/A
EMP-1578,Engineering,DevOps Specialist,19/09/2021,69677,2,No,N/A
EMP-1579,Engineering,DevOps Specialist,03/01/2018,79691,2,Yes,Career Growth
EMP-1580,Sales,Account Exec,19/01/2021,84794,2,No,N/A
EMP-1581,Engineering,Data Analyst,15/06/2021,67198,2,Yes,Career Growth
EMP-1582,Engineering,Software Engineer,07/05/2023,59299,4,No,N/A
EMP-1583,Finance,Financial Analyst,18/04/2020,93327,1,No,N/A
EMP-1584,Engineering,Software Engineer,26/03/2020,80088,1,No,N/A
EMP-1585,Finance,Accountant,16/06/2020,57209,2,Yes,Work-Life Balance
EMP-1586,Engineering,Data Analyst,05/04/2022,93251,2,Yes,Management
EMP-1587,Sales,Sales Manager,18/04/2022,44229,1,No,N/A
EMP-1588,Engineering,Data Analyst,31/01/2019,60453,3,No,N/A
EMP-1589,Marketing,Marketing Specialist,09/08/2022,68683,3,No,N/A
EMP-1590,HR,HR Manager,16/03/2019,60269,2,Yes,Relocation
EMP-1591,Sales,Account Exec,12/01/2019,98490,4,No,N/A
EMP-1592,Finance,Controller,15/10/2021,93879,3,No,N/A
EMP-1593,Sales,Account Exec,24/11/2020,83330,4,No,N/A
EMP-1594,Finance,Financial Analyst,02/05/2023,98311,4,No,N/A
EMP-1595,Finance,Financial Analyst,13/04/2020,61199,5,No,N/A
EMP-1596,Engineering,Data Analyst,06/05/2022,91692,3,No,N/A
EMP-1597,Finance,Accountant,28/12/2020,90247,5,No,N/A
EMP-1598,Marketing,SEO Analyst,28/08/2022,86445,3,No,N/A
EMP-1599,Engineering,DevOps Specialist,02/05/2023,74333,2,Yes,Work-Life Balance
EMP-1600,Marketing,SEO Analyst,07/09/2018,73843,4,No,N/A
EMP-1601,Engineering,Data Analyst,06/04/2020,61967,4,No,N/A
EMP-1602,Engineering,DevOps Specialist,29/05/2018,85762,4,No,N/A
EMP-1603,Engineering,Software Engineer,11/09/2020,74958,3,No,N/A
EMP-1604,Engineering,DevOps Specialist,29/10/2021,74976,1,No,N/A
EMP-1605,Engineering,Data Analyst,24/02/2023,82630,5,No,N/A
EMP-1606,Finance,Controller,27/07/2022,67920,1,Yes,Career Growth
EMP-1607,Marketing,Marketing Specialist,10/09/2021,75847,4,No,N/A
EMP-1608,Sales,Sales Rep,26/11/2021,85969,3,No,N/A
EMP-1609,Sales,Sales Rep,03/01/2021,92481,4,Yes,Career Growth
EMP-1610,Engineering,DevOps Specialist,14/01/2021,75490,2,Yes,Management
EMP-1611,Sales,Sales Rep,13/09/2019,86452,3,Yes,Management
EMP-1612,Marketing,Marketing Specialist,09/07/2022,87430,4,No,N/A
EMP-1613,Sales,Sales Rep,13/03/2019,54666,3,No,N/A
EMP-1614,Finance,Financial Analyst,14/07/2022,79529,1,Yes,Relocation
EMP-1615,Engineering,Software Engineer,17/07/2020,99396,1,Yes,Career Growth
EMP-1616,Marketing,Content Creator,07/08/2022,48761,3,No,N/A
EMP-1617,Engineering,DevOps Specialist,16/01/2021,49046,5,No,N/A
EMP-1618,Sales,Sales Manager,10/04/2022,44176,5,Yes,Relocation
EMP-1619,Engineering,DevOps Specialist,02/05/2022,94300,3,No,N/A
EMP-1620,Sales,Sales Rep,26/11/2019,99111,1,Yes,Salary
EMP-1621,Engineering,Data Analyst,05/07/2020,61084,2,Yes,Career Growth
EMP-1622,Engineering,Software Engineer,06/02/2023,68271,2,Yes,Relocation
EMP-1623,Sales,Sales Manager,01/09/2022,41912,1,Yes,Relocation
EMP-1624,Engineering,Data Analyst,04/12/2020,84571,5,No,N/A
EMP-1625,Sales,Sales Manager,04/06/2018,59734,4,Yes,Management
EMP-1626,Sales,Account Exec,08/10/2021,44558,1,Yes,Work-Life Balance
EMP-1627,Engineering,Software Engineer,27/09/2021,74773,3,No,N/A
EMP-1628,Engineering,DevOps Specialist,22/05/2023,75698,2,Yes,Career Growth
EMP-1629,HR,Recruiter,11/02/2022,74107,5,No,N/A
EMP-1630,Sales,Sales Rep,01/07/2021,68979,5,No,N/A
EMP-1631,Marketing,Content Creator,07/12/2018,62975,4,No,N/A
EMP-1632,Sales,Account Exec,11/01/2021,59094,1,Yes,Career Growth
EMP-1633,Sales,Account Exec,22/04/2023,96668,3,No,N/A
EMP-1634,Marketing,SEO Analyst,07/08/2022,55382,1,Yes,Relocation
EMP-1635,Sales,Sales Manager,19/08/2020,60620,1,No,N/A
EMP-1636,Finance,Controller,11/07/2021,77556,2,Yes,Relocation
EMP-1637,Engineering,Data Analyst,06/02/2018,68548,2,Yes,Management
EMP-1638,Engineering,Software Engineer,17/09/2020,70540,1,No,N/A
EMP-1639,Marketing,SEO Analyst,24/06/2021,115066,1,Yes,Relocation
EMP-1640,Sales,Sales Manager,27/12/2019,71280,3,No,N/A
EMP-1641,Sales,Account Exec,19/02/2018,67505,3,Yes,Relocation
EMP-1642,Sales,Account Exec,22/06/2023,95175,3,No,N/A
EMP-1643,Engineering,Data Analyst,29/04/2019,89889,5,No,N/A
EMP-1644,Finance,Financial Analyst,07/02/2020,76119,5,No,N/A
EMP-1645,Sales,Sales Rep,14/01/2023,93479,1,Yes,Relocation
EMP-1646,Engineering,DevOps Specialist,14/07/2020,81973,3,No,N/A
EMP-1647,HR,HR Manager,04/03/2018,87072,1,No,N/A
EMP-1648,HR,HR Manager,17/04/2019,71011,1,No,N/A
EMP-1649,Engineering,Software Engineer,05/01/2020,68563,1,Yes,Salary
EMP-1650,Engineering,DevOps Specialist,31/10/2022,79520,3,No,N/A
EMP-1651,Marketing,Content Creator,01/06/2020,62333,3,No,N/A
EMP-1652,Engineering,Software Engineer,11/08/2020,74969,2,Yes,Relocation
EMP-1653,Finance,Financial Analyst,22/06/2020,100271,5,No,N/A
EMP-1654,Marketing,Marketing Specialist,03/01/2021,90622,5,No,N/A
EMP-1655,Sales,Sales Rep,18/02/2022,98828,5,No,N/A
EMP-1656,Finance,Controller,16/07/2020,81795,4,No,N/A
EMP-1657,Sales,Sales Rep,20/12/2021,60883,1,Yes,Career Growth
EMP-1658,Marketing,SEO Analyst,01/06/2019,84109,1,Yes,Management
EMP-1659,Engineering,DevOps Specialist,15/11/2021,73494,3,Yes,Career Growth
EMP-1660,Marketing,Content Creator,06/01/2021,67289,3,No,N/A
EMP-1661,Marketing,Marketing Specialist,04/08/2020,108438,1,Yes,Management
EMP-1662,Engineering,DevOps Specialist,22/06/2021,50145,4,No,N/A
EMP-1663,Sales,Sales Rep,03/12/2019,83633,4,Yes,Work-Life Balance
EMP-1664,Sales,Account Exec,25/04/2023,65452,2,Yes,Salary
EMP-1665,Sales,Sales Rep,06/06/2022,71666,5,Yes,Management
EMP-1666,Finance,Controller,30/07/2020,72423,5,No,N/A
EMP-1667,Engineering,DevOps Specialist,28/01/2021,70479,3,No,N/A
EMP-1668,Sales,Sales Manager,11/02/2023,85656,3,No,N/A
EMP-1669,Marketing,SEO Analyst,13/07/2019,86889,5,No,N/A
EMP-1670,Engineering,DevOps Specialist,12/08/2021,56285,1,Yes,Relocation
EMP-1671,Sales,Sales Rep,11/11/2019,74387,1,No,N/A
EMP-1672,Sales,Sales Rep,20/03/2019,63613,2,Yes,Salary
EMP-1673,Engineering,DevOps Specialist,28/09/2018,66215,1,Yes,Salary
EMP-1674,Marketing,SEO Analyst,10/01/2022,76463,3,Yes,Salary
EMP-1675,Engineering,Data Analyst,17/05/2021,88335,1,No,N/A
EMP-1676,Sales,Account Exec,23/11/2022,83941,1,No,N/A
EMP-1677,Sales,Sales Manager,02/07/2019,63980,3,No,N/A
EMP-1678,Finance,Financial Analyst,22/03/2022,92788,1,Yes,Relocation
EMP-1679,Sales,Sales Manager,23/04/2021,56631,3,Yes,Relocation
EMP-1680,Sales,Account Exec,23/08/2019,87752,2,No,N/A
EMP-1681,Engineering,Software Engineer,28/08/2018,70995,4,No,N/A
EMP-1682,Engineering,Software Engineer,30/11/2020,60435,4,No,N/A
EMP-1683,Finance,Financial Analyst,21/09/2020,80385,2,Yes,Management
EMP-1684,Sales,Sales Manager,16/03/2018,97852,5,No,N/A
EMP-1685,Engineering,Software Engineer,03/01/2018,52287,5,No,N/A
EMP-1686,Finance,Financial Analyst,20/11/2019,73265,1,Yes,Management
EMP-1687,Sales,Account Exec,21/03/2021,76325,2,Yes,Management
EMP-1688,Marketing,Marketing Specialist,25/08/2019,84385,5,No,N/A
EMP-1689,Engineering,Data Analyst,09/03/2018,64377,5,No,N/A
EMP-1690,Engineering,Software Engineer,25/02/2020,66894,5,No,N/A
EMP-1691,HR,Recruiter,22/08/2018,80530,3,No,N/A
EMP-1692,Engineering,Software Engineer,02/05/2020,97230,5,No,N/A
EMP-1693,Marketing,SEO Analyst,26/07/2021,83899,1,Yes,Relocation
EMP-1694,Sales,Sales Rep,26/06/2021,81039,3,No,N/A
EMP-1695,Engineering,Data Analyst,07/06/2019,81652,1,Yes,Management
EMP-1696,Sales,Account Exec,08/10/2021,74177,3,No,N/A
EMP-1697,Sales,Account Exec,15/04/2018,83331,1,Yes,Career Growth
EMP-1698,Sales,Sales Manager,30/12/2018,61356,4,No,N/A
EMP-1699,Engineering,Software Engineer,22/11/2018,66777,5,No,N/A
EMP-1700,Engineering,Data Analyst,23/01/2019,83453,4,Yes,Management
EMP-1701,Engineering,DevOps Specialist,26/04/2020,63159,3,No,N/A
EMP-1702,Marketing,SEO Analyst,25/10/2018,80185,3,Yes,Management
EMP-1703,Engineering,Software Engineer,01/03/2022,91388,4,No,N/A
EMP-1704,Finance,Financial Analyst,05/12/2022,77339,2,Yes,Relocation
EMP-1705,Finance,Financial Analyst,22/02/2021,55460,3,No,N/A
EMP-1706,Finance,Accountant,24/09/2021,94644,4,No,N/A
EMP-1707,Marketing,Content Creator,14/11/2020,75548,5,No,N/A
EMP-1708,Sales,Sales Rep,17/03/2018,78046,3,No,N/A
EMP-1709,Sales,Sales Manager,05/02/2019,81140,4,No,N/A
EMP-1710,Sales,Sales Rep,11/11/2021,40605,4,No,N/A
EMP-1711,Sales,Sales Manager,23/02/2020,98490,1,Yes,Relocation
EMP-1712,Finance,Accountant,28/07/2022,63702,2,Yes,Relocation
EMP-1713,Engineering,Software Engineer,11/11/2018,78514,5,No,N/A
EMP-1714,Finance,Controller,17/02/2022,81913,4,No,N/A
EMP-1715,Engineering,Data Analyst,26/01/2019,66839,5,No,N/A
EMP-1716,Engineering,Software Engineer,09/09/2022,82774,3,No,N/A
EMP-1717,Engineering,Data Analyst,22/05/2023,72779,4,No,N/A
EMP-1718,Sales,Sales Rep,27/11/2019,77171,1,Yes,Relocation
EMP-1719,Sales,Sales Rep,01/09/2018,86379,1,Yes,Salary
EMP-1720,Engineering,DevOps Specialist,26/07/2018,88494,3,No,N/A
EMP-1721,Engineering,DevOps Specialist,20/12/2018,126756,2,Yes,Salary
EMP-1722,Engineering,Data Analyst,13/01/2023,64902,1,Yes,Management
EMP-1723,Engineering,DevOps Specialist,03/03/2021,69221,3,Yes,Career Growth
EMP-1724,Engineering,DevOps Specialist,29/08/2019,65143,5,No,N/A
EMP-1725,Sales,Account Exec,13/05/2021,50318,1,Yes,Relocation
EMP-1726,Engineering,Data Analyst,27/02/2022,82541,1,Yes,Management
EMP-1727,Marketing,SEO Analyst,12/01/2021,62228,2,No,N/A
EMP-1728,Engineering,DevOps Specialist,20/11/2018,67637,1,Yes,Career Growth
EMP-1729,Engineering,Software Engineer,11/09/2018,72830,2,Yes,Career Growth
EMP-1730,Engineering,Data Analyst,05/02/2021,69310,3,No,N/A
EMP-1731,Sales,Sales Rep,22/06/2018,87537,5,No,N/A
EMP-1732,Marketing,SEO Analyst,28/12/2018,82796,2,Yes,Relocation
EMP-1733,Engineering,Data Analyst,19/04/2019,70226,1,Yes,Salary
EMP-1734,Engineering,Software Engineer,19/05/2022,66610,4,No,N/A
EMP-1735,Engineering,Data Analyst,02/02/2023,41692,3,Yes,Work-Life Balance
EMP-1736,Sales,Sales Rep,23/02/2022,85927,5,No,N/A
EMP-1737,Engineering,Data Analyst,15/01/2019,86783,3,No,N/A
EMP-1738,Engineering,Software Engineer,20/11/2022,51974,5,No,N/A
EMP-1739,Engineering,Data Analyst,08/04/2022,69702,5,No,N/A
EMP-1740,Finance,Accountant,13/09/2019,68830,1,Yes,Work-Life Balance
EMP-1741,Marketing,SEO Analyst,05/12/2020,71742,1,Yes,Work-Life Balance
EMP-1742,Engineering,Data Analyst,03/06/2021,81328,3,No,N/A
EMP-1743,Engineering,Software Engineer,07/08/2018,84472,2,Yes,Career Growth
EMP-1744,Engineering,DevOps Specialist,13/12/2019,55760,3,No,N/A
EMP-1745,Sales,Account Exec,07/12/2021,86506,1,Yes,Relocation
EMP-1746,Marketing,Content Creator,19/09/2022,112600,4,No,N/A
EMP-1747,Marketing,SEO Analyst,14/10/2019,91420,2,Yes,Career Growth
EMP-1748,Engineering,Data Analyst,03/01/2021,81353,4,No,N/A
EMP-1749,Engineering,Software Engineer,31/12/2018,91410,4,No,N/A
EMP-1750,Marketing,Content Creator,18/11/2018,98046,4,No,N/A
EMP-1751,Engineering,Data Analyst,19/02/2023,47832,2,Yes,Relocation
EMP-1752,Engineering,DevOps Specialist,09/09/2021,77183,2,Yes,Career Growth
EMP-1753,Sales,Sales Rep,27/01/2021,93679,1,Yes,Work-Life Balance
EMP-1754,Engineering,Data Analyst,17/01/2022,81656,2,Yes,Work-Life Balance
EMP-1755,Engineering,Software Engineer,19/12/2018,101008,1,Yes,Salary
EMP-1756,Engineering,Software Engineer,03/02/2019,70065,4,No,N/A
EMP-1757,Marketing,Marketing Specialist,02/01/2019,85289,5,No,N/A
EMP-1758,Engineering,DevOps Specialist,08/07/2021,78612,2,No,N/A
EMP-1759,Sales,Account Exec,10/04/2022,70050,4,No,N/A
EMP-1760,Sales,Sales Manager,29/07/2019,92918,5,No,N/A
EMP-1761,Engineering,Data Analyst,07/05/2021,68216,4,No,N/A
EMP-1762,Sales,Sales Rep,29/12/2018,50916,5,No,N/A
EMP-1763,Sales,Sales Rep,23/07/2019,50499,3,No,N/A
EMP-1764,Sales,Sales Rep,30/07/2018,78072,1,No,N/A
EMP-1765,Sales,Sales Manager,18/12/2021,67648,2,Yes,Relocation
EMP-1766,Sales,Sales Rep,01/10/2021,65494,3,No,N/A
EMP-1767,Engineering,DevOps Specialist,23/06/2022,53614,2,Yes,Career Growth
EMP-1768,Sales,Account Exec,22/01/2019,87619,4,No,N/A
EMP-1769,Engineering,DevOps Specialist,24/05/2020,93979,5,No,N/A
EMP-1770,Engineering,DevOps Specialist,05/12/2021,65505,4,No,N/A
EMP-1771,Engineering,DevOps Specialist,30/12/2019,57320,4,Yes,Work-Life Balance
EMP-1772,Engineering,Software Engineer,12/02/2022,51472,2,Yes,Management
EMP-1773,Engineering,DevOps Specialist,23/12/2021,82417,2,Yes,Salary
EMP-1774,Engineering,Software Engineer,25/09/2020,43023,5,No,N/A
EMP-1775,Engineering,Software Engineer,24/08/2019,87303,3,No,N/A
EMP-1776,Engineering,Software Engineer,19/10/2022,63044,2,Yes,Career Growth
EMP-1777,Marketing,SEO Analyst,30/07/2019,69728,1,No,N/A
EMP-1778,Engineering,Software Engineer,14/10/2020,85419,2,Yes,Management
EMP-1779,Sales,Sales Manager,09/06/2021,61828,5,No,N/A
EMP-1780,Sales,Sales Rep,16/10/2020,78468,1,Yes,Salary
EMP-1781,Engineering,Software Engineer,16/01/2021,66760,1,Yes,Work-Life Balance
EMP-1782,Marketing,Content Creator,12/02/2022,110153,2,Yes,Management
EMP-1783,Marketing,SEO Analyst,31/12/2019,33116,4,No,N/A
EMP-1784,Finance,Controller,03/04/2020,60486,4,No,N/A
EMP-1785,Engineering,DevOps Specialist,07/06/2020,87908,4,No,N/A
EMP-1786,HR,HR Manager,28/05/2018,53752,4,No,N/A
EMP-1787,Finance,Controller,11/01/2020,90206,2,Yes,Work-Life Balance
EMP-1788,Sales,Account Exec,17/10/2022,67390,3,No,N/A
EMP-1789,Engineering,DevOps Specialist,14/09/2018,85604,2,Yes,Management
EMP-1790,Engineering,DevOps Specialist,27/12/2022,69764,1,Yes,Work-Life Balance
EMP-1791,Finance,Controller,18/12/2018,84835,3,No,N/A
EMP-1792,Engineering,DevOps Specialist,09/06/2023,51693,2,Yes,Management
EMP-1793,Engineering,DevOps Specialist,21/08/2020,70157,2,Yes,Salary
EMP-1794,HR,HR Generalist,28/12/2019,55246,4,No,N/A
EMP-1795,Engineering,DevOps Specialist,13/05/2022,91781,3,No,N/A
EMP-1796,Engineering,Software Engineer,23/08/2021,84850,5,No,N/A
EMP-1797,Engineering,Data Analyst,14/05/2021,93959,2,No,N/A
EMP-1798,Sales,Sales Rep,16/12/2019,105353,2,Yes,Work-Life Balance
EMP-1799,Engineering,Software Engineer,23/05/2018,97199,5,No,N/A
EMP-1800,Sales,Account Exec,31/08/2019,98761,4,No,N/A
EMP-1801,Engineering,Data Analyst,09/03/2019,88025,4,Yes,Management
EMP-1802,Engineering,Data Analyst,10/08/2019,55414,1,Yes,Career Growth
EMP-1803,Engineering,DevOps Specialist,04/07/2018,75487,5,No,N/A
EMP-1804,HR,Recruiter,05/10/2018,63884,4,Yes,Salary
EMP-1805,Marketing,Content Creator,01/01/2023,81475,2,Yes,Relocation
EMP-1806,Sales,Sales Manager,30/05/2022,65527,3,No,N/A
EMP-1807,Marketing,Marketing Specialist,03/06/2023,77073,5,No,N/A
EMP-1808,Finance,Controller,05/07/2022,68832,3,No,N/A
EMP-1809,Engineering,Data Analyst,31/07/2022,102948,4,No,N/A
EMP-1810,Sales,Sales Manager,28/08/2020,78793,4,No,N/A
EMP-1811,Sales,Account Exec,10/10/2022,77728,1,Yes,Management
EMP-1812,Engineering,Software Engineer,13/03/2019,43690,1,Yes,Management
EMP-1813,Marketing,Content Creator,19/01/2023,76342,4,Yes,Career Growth
EMP-1814,Marketing,Content Creator,01/06/2020,69681,5,No,N/A
EMP-1815,Sales,Sales Rep,24/10/2020,105519,5,No,N/A
EMP-1816,HR,HR Generalist,02/04/2018,94455,3,Yes,Work-Life Balance
EMP-1817,Sales,Account Exec,04/08/2019,87647,2,Yes,Relocation
EMP-1818,Sales,Account Exec,03/06/2021,78754,3,No,N/A
EMP-1819,Sales,Sales Manager,02/04/2021,68635,3,No,N/A
EMP-1820,Engineering,Software Engineer,26/09/2022,72956,3,Yes,Career Growth
EMP-1821,Engineering,DevOps Specialist,02/12/2019,72110,4,No,N/A
EMP-1822,Sales,Sales Rep,15/12/2019,69830,3,No,N/A
EMP-1823,Marketing,Marketing Specialist,20/12/2018,76272,5,No,N/A
EMP-1824,Marketing,Marketing Specialist,29/01/2020,38273,3,No,N/A
EMP-1825,Marketing,Marketing Specialist,08/02/2018,76222,4,No,N/A
EMP-1826,Sales,Sales Manager,17/07/2021,70674,2,Yes,Relocation
EMP-1827,Engineering,DevOps Specialist,29/08/2018,69567,5,No,N/A
EMP-1828,Finance,Controller,06/03/2021,56943,3,No,N/A
EMP-1829,Engineering,DevOps Specialist,14/08/2021,105624,4,No,N/A
EMP-1830,Engineering,Software Engineer,18/10/2019,60038,1,Yes,Career Growth
EMP-1831,Engineering,Software Engineer,30/11/2018,81287,4,No,N/A
EMP-1832,Sales,Sales Manager,12/12/2019,62548,3,No,N/A
EMP-1833,Engineering,Software Engineer,23/09/2021,85418,2,No,N/A
EMP-1834,Finance,Controller,21/07/2020,83304,2,Yes,Management
EMP-1835,Finance,Accountant,12/11/2019,91481,1,Yes,Management
EMP-1836,Finance,Controller,10/06/2020,66180,4,No,N/A
EMP-1837,Sales,Account Exec,03/09/2018,93151,5,No,N/A
EMP-1838,Finance,Financial Analyst,29/11/2020,111550,2,Yes,Career Growth
EMP-1839,Engineering,Data Analyst,19/03/2023,113930,4,No,N/A
EMP-1840,Sales,Sales Manager,13/02/2018,82579,4,No,N/A
EMP-1841,Finance,Controller,21/04/2023,72168,5,No,N/A
EMP-1842,Marketing,Marketing Specialist,11/01/2023,88808,5,No,N/A
EMP-1843,Engineering,Software Engineer,04/05/2018,54018,2,No,N/A
EMP-1844,Engineering,DevOps Specialist,21/07/2018,81225,1,Yes,Relocation
EMP-1845,Marketing,Content Creator,27/11/2021,52243,5,No,N/A
EMP-1846,Finance,Accountant,08/09/2019,80271,2,Yes,Career Growth
EMP-1847,Engineering,Data Analyst,07/01/2023,95248,3,Yes,Career Growth
EMP-1848,Engineering,DevOps Specialist,10/06/2019,86073,4,No,N/A
EMP-1849,Marketing,SEO Analyst,28/01/2021,87948,3,No,N/A
EMP-1850,Engineering,Software Engineer,18/05/2018,87952,2,No,N/A
EMP-1851,Engineering,Software Engineer,18/01/2021,95141,4,No,N/A
EMP-1852,Sales,Sales Manager,16/02/2021,74283,2,No,N/A
EMP-1853,Finance,Controller,14/03/2021,87733,4,No,N/A
EMP-1854,Engineering,Data Analyst,17/01/2022,52502,3,No,N/A
EMP-1855,Engineering,DevOps Specialist,16/06/2018,66122,1,Yes,Work-Life Balance
EMP-1856,Sales,Sales Rep,26/06/2021,65043,2,Yes,Relocation
EMP-1857,Engineering,DevOps Specialist,17/11/2021,76359,2,Yes,Work-Life Balance
EMP-1858,Engineering,Software Engineer,22/08/2022,101339,3,No,N/A
EMP-1859,HR,HR Manager,28/12/2019,105305,4,No,N/A
EMP-1860,Finance,Controller,23/06/2023,73064,2,Yes,Management
EMP-1861,Sales,Account Exec,05/10/2018,73837,2,Yes,Work-Life Balance
EMP-1862,Sales,Sales Rep,01/07/2018,81547,1,No,N/A
EMP-1863,Engineering,Data Analyst,13/12/2019,79553,2,Yes,Management
EMP-1864,Engineering,Software Engineer,10/03/2018,68184,4,No,N/A
EMP-1865,Marketing,Marketing Specialist,18/03/2018,57086,5,Yes,Work-Life Balance
EMP-1866,Sales,Account Exec,06/06/2023,66057,5,No,N/A
EMP-1867,Marketing,Content Creator,27/05/2022,83276,1,No,N/A
EMP-1868,Sales,Account Exec,17/03/2018,65976,1,Yes,Work-Life Balance
EMP-1869,HR,HR Generalist,24/03/2023,97769,1,Yes,Career Growth
EMP-1870,Marketing,Marketing Specialist,12/04/2020,73240,4,No,N/A
EMP-1871,Sales,Account Exec,23/11/2020,64366,2,No,N/A
EMP-1872,Engineering,Software Engineer,27/10/2022,89533,2,Yes,Salary
EMP-1873,Marketing,Marketing Specialist,16/11/2021,73966,4,No,N/A
EMP-1874,Sales,Sales Rep,17/06/2019,68004,2,Yes,Management
EMP-1875,Engineering,Software Engineer,05/04/2023,84485,5,No,N/A
EMP-1876,Finance,Controller,04/05/2020,86737,2,No,N/A
EMP-1877,Marketing,SEO Analyst,04/06/2023,77891,4,No,N/A
EMP-1878,Engineering,Data Analyst,28/07/2018,95117,5,No,N/A
EMP-1879,Finance,Accountant,14/09/2022,74632,4,No,N/A
EMP-1880,Finance,Controller,25/06/2021,72815,3,No,N/A
EMP-1881,Engineering,Software Engineer,12/03/2022,81721,4,No,N/A
EMP-1882,Sales,Account Exec,16/09/2019,62542,2,No,N/A
EMP-1883,Engineering,DevOps Specialist,28/03/2021,105980,2,Yes,Salary
EMP-1884,Finance,Financial Analyst,24/04/2020,79441,1,Yes,Work-Life Balance
EMP-1885,Sales,Account Exec,17/05/2019,75833,1,Yes,Work-Life Balance
EMP-1886,Sales,Sales Manager,06/06/2021,84222,1,Yes,Relocation
EMP-1887,Sales,Sales Manager,26/04/2019,66948,3,No,N/A
EMP-1888,Sales,Sales Manager,04/04/2021,105292,4,No,N/A
EMP-1889,Sales,Sales Manager,29/12/2021,57335,3,No,N/A
EMP-1890,Finance,Financial Analyst,13/10/2018,94154,2,No,N/A
EMP-1891,Engineering,Software Engineer,08/07/2022,92179,5,No,N/A
EMP-1892,Engineering,DevOps Specialist,06/12/2019,77336,5,No,N/A
EMP-1893,Marketing,SEO Analyst,02/08/2021,84113,1,Yes,Salary
EMP-1894,Engineering,DevOps Specialist,10/11/2019,76878,5,No,N/A
EMP-1895,Marketing,Content Creator,07/11/2018,79805,4,No,N/A
EMP-1896,Finance,Controller,28/07/2022,61223,5,No,N/A
EMP-1897,Engineering,Data Analyst,06/12/2018,77511,4,No,N/A
EMP-1898,Sales,Sales Rep,04/04/2018,54601,2,Yes,Work-Life Balance
EMP-1899,Sales,Account Exec,15/06/2018,76183,5,No,N/A
EMP-1900,Marketing,SEO Analyst,09/01/2021,101469,4,No,N/A
EMP-1901,HR,HR Generalist,13/06/2019,83293,2,Yes,Work-Life Balance
EMP-1902,Sales,Account Exec,24/01/2022,65693,2,Yes,Salary
EMP-1903,Finance,Financial Analyst,25/10/2022,74645,1,Yes,Management
EMP-1904,Engineering,Data Analyst,01/07/2019,57207,3,No,N/A
EMP-1905,Sales,Sales Rep,14/12/2020,54305,2,Yes,Salary
EMP-1906,Marketing,Content Creator,12/04/2022,90464,1,No,N/A
EMP-1907,Sales,Sales Rep,01/07/2020,92469,4,No,N/A
EMP-1908,Engineering,Software Engineer,02/02/2018,80686,3,Yes,Management
EMP-1909,Sales,Sales Manager,14/09/2020,70893,2,Yes,Work-Life Balance
EMP-1910,Sales,Sales Rep,23/08/2019,83794,1,Yes,Relocation
EMP-1911,Engineering,DevOps Specialist,03/06/2022,75482,1,Yes,Career Growth
EMP-1912,Finance,Controller,26/02/2023,85557,5,No,N/A
EMP-1913,Engineering,DevOps Specialist,12/06/2019,80195,2,Yes,Career Growth
EMP-1914,Marketing,SEO Analyst,01/01/2018,81538,3,No,N/A
EMP-1915,Engineering,Data Analyst,05/07/2018,93269,3,No,N/A
EMP-1916,Marketing,Marketing Specialist,12/11/2018,67547,5,Yes,Career Growth
EMP-1917,Sales,Sales Manager,04/12/2020,80416,1,Yes,Salary
EMP-1918,Sales,Sales Rep,30/06/2021,69458,2,No,N/A
EMP-1919,Marketing,Marketing Specialist,31/05/2023,95500,1,Yes,Relocation
EMP-1920,Sales,Account Exec,02/12/2018,100875,1,Yes,Management
EMP-1921,Sales,Sales Manager,13/06/2021,60935,5,No,N/A
EMP-1922,Engineering,Data Analyst,14/10/2018,74714,5,No,N/A
EMP-1923,Engineering,Data Analyst,17/06/2019,72188,5,No,N/A
EMP-1924,Sales,Account Exec,27/04/2023,66907,3,No,N/A
EMP-1925,Marketing,Marketing Specialist,16/07/2022,109873,4,No,N/A
EMP-1926,Sales,Account Exec,29/05/2023,42024,5,Yes,Career Growth
EMP-1927,Engineering,Data Analyst,23/04/2020,95613,3,No,N/A
EMP-1928,Engineering,DevOps Specialist,25/10/2022,85628,1,Yes,Management
EMP-1929,Sales,Sales Manager,05/04/2023,102253,2,Yes,Work-Life Balance
EMP-1930,Engineering,Data Analyst,25/02/2022,56421,1,Yes,Work-Life Balance
EMP-1931,Sales,Sales Rep,09/11/2018,76073,5,No,N/A
EMP-1932,Engineering,Data Analyst,24/10/2018,104680,1,Yes,Salary
EMP-1933,Engineering,Software Engineer,04/03/2019,73796,5,No,N/A
EMP-1934,Sales,Sales Manager,05/01/2019,64179,3,No,N/A
EMP-1935,Engineering,Data Analyst,17/09/2021,72050,5,No,N/A
EMP-1936,Marketing,SEO Analyst,05/01/2022,57022,1,Yes,Career Growth
EMP-1937,Sales,Sales Rep,07/12/2019,55895,3,No,N/A
EMP-1938,Sales,Sales Rep,22/06/2022,118788,2,No,N/A
EMP-1939,Engineering,DevOps Specialist,06/11/2019,90596,1,Yes,Salary
EMP-1940,Engineering,DevOps Specialist,15/10/2019,62801,4,No,N/A
EMP-1941,Marketing,Content Creator,25/09/2018,71236,4,No,N/A
EMP-1942,Sales,Sales Rep,09/09/2021,57364,4,No,N/A
EMP-1943,Engineering,DevOps Specialist,30/07/2019,54018,4,No,N/A
EMP-1944,HR,Recruiter,22/12/2018,100028,3,Yes,Work-Life Balance
EMP-1945,Engineering,Data Analyst,05/08/2019,82347,1,Yes,Career Growth
EMP-1946,Engineering,DevOps Specialist,06/09/2020,72124,5,Yes,Career Growth
EMP-1947,Engineering,Data Analyst,10/06/2020,70617,5,No,N/A
EMP-1948,Marketing,Content Creator,08/05/2019,69905,4,No,N/A
EMP-1949,Finance,Financial Analyst,17/02/2021,71247,5,No,N/A
EMP-1950,Finance,Controller,10/03/2022,61091,5,No,N/A
EMP-1951,Finance,Controller,03/08/2021,70044,3,No,N/A
EMP-1952,HR,HR Generalist,26/02/2020,65738,1,Yes,Salary
EMP-1953,Engineering,DevOps Specialist,11/05/2018,63079,5,No,N/A
EMP-1954,Sales,Sales Manager,01/08/2022,76735,1,Yes,Work-Life Balance
EMP-1955,Engineering,DevOps Specialist,28/03/2022,63166,4,No,N/A
EMP-1956,Sales,Account Exec,17/08/2018,85700,1,Yes,Work-Life Balance
EMP-1957,Sales,Account Exec,12/03/2018,101399,4,No,N/A
EMP-1958,Engineering,DevOps Specialist,08/09/2021,67318,1,Yes,Work-Life Balance
EMP-1959,Sales,Sales Manager,02/01/2023,57163,2,Yes,Salary
EMP-1960,Engineering,Data Analyst,25/12/2022,79201,2,Yes,Career Growth
EMP-1961,HR,HR Generalist,16/12/2021,97165,1,Yes,Management
EMP-1962,Engineering,Data Analyst,12/01/2021,78917,3,Yes,Career Growth
EMP-1963,Engineering,DevOps Specialist,25/10/2020,83836,3,No,N/A
EMP-1964,Finance,Controller,30/03/2019,62865,1,Yes,Relocation
EMP-1965,Engineering,DevOps Specialist,13/02/2021,87070,2,Yes,Work-Life Balance
EMP-1966,Engineering,Data Analyst,03/04/2022,87740,4,Yes,Salary
EMP-1967,Finance,Controller,07/08/2021,66913,1,No,N/A
EMP-1968,Engineering,Data Analyst,01/06/2022,67822,3,No,N/A
EMP-1969,Sales,Sales Manager,22/05/2019,58737,4,No,N/A
EMP-1970,Engineering,DevOps Specialist,29/05/2023,74383,2,Yes,Career Growth
EMP-1971,Sales,Sales Manager,14/09/2020,79797,3,No,N/A
EMP-1972,Engineering,Data Analyst,01/06/2020,81697,5,No,N/A
EMP-1973,Sales,Sales Rep,03/01/2023,70581,1,No,N/A
EMP-1974,Engineering,DevOps Specialist,23/04/2023,67924,1,Yes,Management
EMP-1975,Sales,Sales Manager,09/06/2020,89318,3,No,N/A
EMP-1976,Sales,Sales Manager,04/08/2019,81729,1,No,N/A
EMP-1977,Finance,Accountant,14/09/2021,89576,4,No,N/A
EMP-1978,Sales,Account Exec,31/08/2018,49041,4,No,N/A
EMP-1979,Sales,Sales Manager,26/03/2021,61480,4,No,N/A
EMP-1980,Sales,Sales Rep,28/11/2018,85138,1,Yes,Management
EMP-1981,Engineering,Software Engineer,24/04/2018,66373,4,No,N/A
EMP-1982,Sales,Sales Rep,17/07/2022,63929,3,No,N/A
EMP-1983,Sales,Account Exec,05/04/2019,65278,1,No,N/A
EMP-1984,Engineering,DevOps Specialist,09/06/2023,93242,5,No,N/A
EMP-1985,Finance,Controller,04/07/2021,102851,3,No,N/A
EMP-1986,Finance,Accountant,10/10/2019,108291,3,No,N/A
EMP-1987,Sales,Sales Rep,31/07/2021,88821,5,No,N/A
EMP-1988,Engineering,Data Analyst,19/03/2018,73138,4,No,N/A
EMP-1989,Sales,Account Exec,18/04/2018,67754,2,Yes,Relocation
EMP-1990,HR,HR Generalist,15/11/2020,63667,4,Yes,Management
EMP-1991,Engineering,Data Analyst,12/06/2019,65886,3,No,N/A
EMP-1992,Engineering,Software Engineer,24/02/2023,101874,3,No,N/A
EMP-1993,Engineering,Data Analyst,12/05/2020,88929,4,No,N/A
EMP-1994,Engineering,DevOps Specialist,02/04/2019,60650,4,No,N/A
EMP-1995,Engineering,Data Analyst,08/12/2021,66253,1,No,N/A
EMP-1996,Engineering,Data Analyst,28/06/2019,76337,2,Yes,Relocation
EMP-1997,Engineering,Software Engineer,18/06/2020,56040,4,No,N/A
EMP-1998,Sales,Account Exec,25/05/2019,53402,3,No,N/A
EMP-1999,Sales,Sales Rep,10/01/2019,61827,5,No,N/A
EMP-2000,Engineering,DevOps Specialist,17/03/2021,77727,5,No,N/A
EMP-2001,Engineering,Data Analyst,17/04/2019,77126,3,No,N/A
EMP-2002,Engineering,DevOps Specialist,05/10/2021,81763,1,Yes,Relocation
EMP-2003,Sales,Sales Manager,06/02/2018,67302,3,No,N/A
EMP-2004,Sales,Sales Rep,06/09/2018,79705,5,No,N/A
EMP-2005,Engineering,Software Engineer,03/10/2022,69707,3,No,N/A
EMP-2006,Sales,Account Exec,18/09/2020,80048,5,No,N/A
EMP-2007,Sales,Sales Manager,15/10/2020,78705,4,No,N/A
EMP-2008,Engineering,Data Analyst,16/04/2023,78368,4,No,N/A
EMP-2009,Engineering,Data Analyst,29/04/2018,75864,5,No,N/A
EMP-2010,Engineering,Software Engineer,26/05/2021,86160,3,No,N/A
EMP-2011,Engineering,Software Engineer,07/02/2018,99487,1,Yes,Career Growth
EMP-2012,Sales,Sales Rep,20/08/2018,77959,5,No,N/A
EMP-2013,Sales,Sales Rep,24/07/2022,102464,5,No,N/A
EMP-2014,Finance,Controller,22/02/2023,80946,3,Yes,Relocation
EMP-2015,HR,HR Generalist,01/03/2020,60020,5,Yes,Work-Life Balance
EMP-2016,Marketing,Marketing Specialist,12/09/2020,76522,4,No,N/A
EMP-2017,Sales,Sales Rep,13/05/2021,65290,4,No,N/A
EMP-2018,Finance,Controller,04/10/2021,78718,1,Yes,Relocation
EMP-2019,Marketing,Marketing Specialist,12/11/2019,64792,3,No,N/A
EMP-2020,Engineering,Data Analyst,25/03/2018,58737,1,Yes,Career Growth
EMP-2021,Sales,Sales Manager,09/04/2021,73158,4,No,N/A
EMP-2022,Sales,Sales Rep,16/05/2018,58206,2,Yes,Relocation
EMP-2023,Engineering,Data Analyst,22/12/2018,69592,5,Yes,Relocation
EMP-2024,Sales,Sales Rep,21/02/2019,101382,5,No,N/A
EMP-2025,Finance,Controller,19/01/2019,69018,5,No,N/A
EMP-2026,Engineering,DevOps Specialist,20/03/2022,63338,4,No,N/A
EMP-2027,Finance,Financial Analyst,12/03/2023,74196,1,Yes,Salary
EMP-2028,Finance,Financial Analyst,05/12/2019,66378,5,Yes,Management
EMP-2029,Engineering,Data Analyst,04/05/2018,55005,5,No,N/A
EMP-2030,Engineering,DevOps Specialist,04/07/2022,91218,1,Yes,Management
EMP-2031,Sales,Sales Rep,16/03/2018,62722,1,Yes,Management
EMP-2032,Sales,Sales Rep,01/12/2019,84597,4,No,N/A
EMP-2033,Engineering,DevOps Specialist,23/01/2019,85869,5,No,N/A
EMP-2034,Engineering,DevOps Specialist,28/01/2020,83833,2,Yes,Salary
EMP-2035,Finance,Financial Analyst,18/04/2022,64040,4,No,N/A
EMP-2036,Finance,Accountant,19/06/2019,97549,3,No,N/A
EMP-2037,Sales,Account Exec,18/06/2019,86271,4,No,N/A
EMP-2038,Marketing,SEO Analyst,06/03/2021,61786,5,No,N/A
EMP-2039,Sales,Account Exec,24/11/2021,86746,3,Yes,Salary
EMP-2040,Sales,Sales Rep,19/09/2019,82454,5,No,N/A
EMP-2041,Engineering,Data Analyst,05/08/2022,64665,4,No,N/A
EMP-2042,Sales,Sales Rep,18/09/2020,81934,4,Yes,Relocation
EMP-2043,Sales,Sales Manager,25/11/2020,60375,4,No,N/A
EMP-2044,Marketing,Content Creator,17/01/2022,64128,4,No,N/A
EMP-2045,Marketing,Content Creator,19/02/2018,64714,5,No,N/A
EMP-2046,Sales,Account Exec,26/05/2018,100712,2,Yes,Salary
EMP-2047,Sales,Sales Manager,04/08/2018,87201,4,No,N/A
EMP-2048,Sales,Account Exec,08/02/2023,93340,3,No,N/A
EMP-2049,Engineering,DevOps Specialist,02/09/2022,67621,1,Yes,Management
EMP-2050,Engineering,Data Analyst,31/12/2022,66309,5,No,N/A
EMP-2051,Engineering,Data Analyst,03/07/2019,81527,5,No,N/A
EMP-2052,Engineering,Data Analyst,17/08/2018,83540,4,No,N/A
EMP-2053,Sales,Sales Rep,31/01/2018,58198,3,No,N/A
EMP-2054,Sales,Account Exec,09/08/2022,51168,3,No,N/A
EMP-2055,Sales,Sales Rep,19/08/2020,72968,4,No,N/A
EMP-2056,Engineering,Data Analyst,21/12/2020,81720,2,No,N/A
EMP-2057,Sales,Sales Rep,19/07/2020,81744,2,No,N/A
EMP-2058,Engineering,Software Engineer,20/04/2023,89330,3,No,N/A
EMP-2059,Engineering,Data Analyst,01/02/2021,68809,1,Yes,Relocation
EMP-2060,Sales,Sales Rep,14/12/2021,74838,4,No,N/A
EMP-2061,Sales,Sales Rep,27/12/2018,100823,1,No,N/A
EMP-2062,Engineering,DevOps Specialist,19/04/2021,88662,1,Yes,Work-Life Balance
EMP-2063,Finance,Controller,22/05/2021,89982,3,No,N/A
EMP-2064,Sales,Sales Manager,18/05/2018,63064,5,Yes,Relocation
EMP-2065,Sales,Sales Manager,04/03/2020,80226,3,No,N/A
EMP-2066,Engineering,DevOps Specialist,15/04/2023,38099,1,No,N/A
EMP-2067,Finance,Controller,09/12/2022,78409,2,Yes,Work-Life Balance
EMP-2068,Sales,Account Exec,03/07/2022,88559,5,No,N/A
EMP-2069,HR,Recruiter,03/01/2023,59602,1,No,N/A
EMP-2070,Sales,Account Exec,31/08/2021,94628,2,Yes,Management
EMP-2071,Engineering,Software Engineer,12/05/2023,64772,2,Yes,Salary
EMP-2072,Sales,Sales Manager,12/08/2022,57679,3,No,N/A
EMP-2073,Marketing,Content Creator,06/08/2022,70411,4,No,N/A
EMP-2074,Engineering,DevOps Specialist,09/04/2023,84588,2,Yes,Management
EMP-2075,Sales,Account Exec,16/10/2020,84870,2,Yes,Career Growth
EMP-2076,Engineering,Data Analyst,14/02/2019,79698,3,Yes,Work-Life Balance
EMP-2077,Engineering,Software Engineer,16/06/2019,76479,5,No,N/A
EMP-2078,Sales,Sales Manager,07/11/2019,80215,2,Yes,Relocation
EMP-2079,Sales,Account Exec,03/10/2022,70625,1,Yes,Management
EMP-2080,Engineering,DevOps Specialist,14/07/2019,97646,5,No,N/A
EMP-2081,Marketing,SEO Analyst,22/03/2022,82392,3,No,N/A
EMP-2082,Finance,Accountant,05/05/2021,87969,1,No,N/A
EMP-2083,Engineering,Data Analyst,29/03/2022,88407,1,Yes,Work-Life Balance
EMP-2084,Sales,Sales Rep,20/05/2022,79385,4,No,N/A
EMP-2085,Sales,Sales Rep,19/07/2022,85332,1,No,N/A
EMP-2086,Engineering,DevOps Specialist,26/01/2021,55041,4,Yes,Management
EMP-2087,Engineering,Data Analyst,19/12/2018,53907,3,No,N/A
EMP-2088,Engineering,DevOps Specialist,01/05/2023,63823,5,No,N/A
EMP-2089,Sales,Account Exec,17/05/2020,78414,4,No,N/A
EMP-2090,Engineering,Data Analyst,08/12/2018,73735,1,Yes,Relocation
EMP-2091,Engineering,Software Engineer,28/12/2019,83921,5,Yes,Work-Life Balance
EMP-2092,Engineering,Software Engineer,30/11/2022,71247,5,No,N/A
EMP-2093,Engineering,DevOps Specialist,23/03/2018,87787,4,No,N/A
EMP-2094,Marketing,Content Creator,05/05/2023,78126,1,Yes,Management
EMP-2095,Engineering,DevOps Specialist,30/05/2018,67695,2,Yes,Relocation
EMP-2096,Finance,Controller,31/10/2019,58834,4,No,N/A
EMP-2097,Engineering,Software Engineer,24/07/2020,76898,5,No,N/A
EMP-2098,Engineering,DevOps Specialist,06/02/2018,67925,1,Yes,Career Growth
EMP-2099,Engineering,Software Engineer,11/04/2023,84186,4,No,N/A
EMP-2100,Sales,Account Exec,05/01/2023,70335,2,No,N/A
EMP-2101,Engineering,Software Engineer,13/02/2023,70685,5,No,N/A
EMP-2102,Sales,Sales Manager,20/01/2019,92583,3,No,N/A
EMP-2103,Sales,Sales Rep,31/01/2023,80005,4,No,N/A
EMP-2104,Sales,Sales Manager,29/01/2018,59999,1,Yes,Salary
EMP-2105,Sales,Sales Manager,20/11/2019,90324,4,No,N/A
EMP-2106,Sales,Account Exec,28/04/2021,73751,2,Yes,Career Growth
EMP-2107,Engineering,Data Analyst,05/11/2021,69893,1,Yes,Work-Life Balance
EMP-2108,Engineering,DevOps Specialist,26/08/2019,84424,3,No,N/A
EMP-2109,Marketing,Marketing Specialist,21/02/2020,82759,5,No,N/A
EMP-2110,Engineering,Data Analyst,26/01/2019,101444,5,No,N/A
EMP-2111,Engineering,DevOps Specialist,03/08/2018,58453,3,No,N/A
EMP-2112,Engineering,DevOps Specialist,29/12/2020,82744,1,Yes,Salary
EMP-2113,Engineering,Software Engineer,28/07/2018,104984,2,Yes,Relocation
EMP-2114,Engineering,DevOps Specialist,23/04/2018,68983,5,No,N/A
EMP-2115,Engineering,Software Engineer,02/05/2018,86301,3,No,N/A
EMP-2116,Sales,Account Exec,17/04/2023,79317,1,Yes,Career Growth
EMP-2117,Sales,Sales Rep,12/03/2020,85149,4,No,N/A
EMP-2118,Engineering,Data Analyst,28/09/2022,85406,1,Yes,Management
EMP-2119,HR,HR Manager,11/06/2018,91684,1,No,N/A
EMP-2120,Finance,Financial Analyst,21/02/2018,76917,2,Yes,Work-Life Balance
EMP-2121,Finance,Financial Analyst,29/04/2022,57508,5,No,N/A
EMP-2122,Sales,Account Exec,25/12/2021,77099,5,No,N/A
EMP-2123,Engineering,Software Engineer,26/02/2021,82701,5,No,N/A
EMP-2124,Engineering,DevOps Specialist,27/06/2019,82429,5,No,N/A
EMP-2125,Marketing,SEO Analyst,29/01/2019,91494,1,No,N/A
EMP-2126,Engineering,Software Engineer,01/06/2023,68263,2,Yes,Career Growth
EMP-2127,Marketing,SEO Analyst,15/11/2021,56706,1,Yes,Career Growth
EMP-2128,Sales,Sales Manager,28/12/2021,60655,4,No,N/A
EMP-2129,Engineering,DevOps Specialist,28/05/2023,99828,5,No,N/A
EMP-2130,HR,HR Manager,23/08/2020,76947,4,Yes,Career Growth
EMP-2131,Engineering,DevOps Specialist,07/06/2018,72562,5,No,N/A
EMP-2132,Sales,Account Exec,12/08/2019,53177,3,No,N/A
EMP-2133,Finance,Financial Analyst,24/08/2019,65330,4,No,N/A
EMP-2134,Marketing,Marketing Specialist,15/06/2022,82568,4,Yes,Management
EMP-2135,Sales,Sales Manager,15/04/2021,86242,2,Yes,Management
EMP-2136,Engineering,Software Engineer,30/12/2019,97438,3,Yes,Work-Life Balance
EMP-2137,Sales,Sales Manager,30/01/2021,86799,2,Yes,Career Growth
EMP-2138,Engineering,Data Analyst,16/02/2022,85963,4,No,N/A
EMP-2139,Marketing,SEO Analyst,05/10/2022,66179,4,No,N/A
EMP-2140,HR,Recruiter,14/11/2022,64533,4,No,N/A
EMP-2141,Marketing,Marketing Specialist,20/05/2023,103338,5,No,N/A
EMP-2142,Engineering,Data Analyst,03/02/2022,60925,3,Yes,Salary
EMP-2143,Marketing,SEO Analyst,09/11/2020,67806,2,Yes,Salary
EMP-2144,Engineering,Data Analyst,22/01/2019,71602,1,Yes,Management
EMP-2145,Finance,Financial Analyst,31/01/2022,60760,2,Yes,Career Growth
EMP-2146,Engineering,Software Engineer,01/05/2022,54191,5,Yes,Work-Life Balance
EMP-2147,Sales,Account Exec,13/11/2018,62186,5,No,N/A
EMP-2148,Sales,Sales Manager,12/07/2019,89761,4,No,N/A
EMP-2149,Engineering,DevOps Specialist,08/12/2020,81196,3,No,N/A
EMP-2150,Sales,Account Exec,10/01/2022,75424,3,No,N/A
EMP-2151,Finance,Controller,07/07/2019,51637,2,Yes,Work-Life Balance
EMP-2152,Engineering,Software Engineer,03/02/2023,79163,5,No,N/A
EMP-2153,Marketing,Marketing Specialist,20/12/2020,69216,4,No,N/A
EMP-2154,Sales,Sales Rep,30/06/2020,63496,2,No,N/A
EMP-2155,HR,HR Generalist,01/04/2021,41085,2,Yes,Work-Life Balance
EMP-2156,Sales,Sales Rep,03/08/2022,75883,3,No,N/A
EMP-2157,Engineering,DevOps Specialist,20/05/2020,89185,3,Yes,Salary
EMP-2158,Sales,Sales Manager,25/05/2023,65656,2,Yes,Salary
EMP-2159,Engineering,DevOps Specialist,19/12/2021,82548,4,No,N/A
EMP-2160,Marketing,Marketing Specialist,25/05/2019,117019,1,Yes,Relocation
EMP-2161,Finance,Accountant,07/03/2022,86660,1,No,N/A
EMP-2162,Marketing,Content Creator,30/10/2018,71878,5,No,N/A
EMP-2163,Engineering,Software Engineer,23/05/2020,74268,2,Yes,Relocation
EMP-2164,Finance,Accountant,07/03/2019,76455,2,No,N/A
EMP-2165,Marketing,Content Creator,12/03/2021,69756,4,No,N/A
EMP-2166,Sales,Sales Rep,25/12/2018,56541,2,Yes,Management
EMP-2167,Engineering,DevOps Specialist,22/05/2023,76733,3,No,N/A
EMP-2168,Sales,Sales Rep,08/06/2019,95017,4,No,N/A
EMP-2169,Sales,Sales Manager,04/06/2020,72920,4,No,N/A
EMP-2170,Sales,Sales Manager,06/06/2021,50793,2,Yes,Management
EMP-2171,Sales,Sales Manager,18/08/2018,97009,2,Yes,Work-Life Balance
EMP-2172,Engineering,DevOps Specialist,17/02/2019,100681,2,Yes,Salary
EMP-2173,Engineering,Data Analyst,14/05/2023,68643,3,No,N/A
EMP-2174,Engineering,Data Analyst,07/12/2021,56907,4,Yes,Management
EMP-2175,Sales,Account Exec,27/12/2022,77522,5,No,N/A
EMP-2176,Sales,Account Exec,19/04/2023,92205,5,No,N/A
EMP-2177,Engineering,Software Engineer,29/10/2019,80825,5,No,N/A
EMP-2178,Engineering,DevOps Specialist,09/12/2018,57217,2,Yes,Salary
EMP-2179,Marketing,Marketing Specialist,10/02/2022,77881,3,No,N/A
EMP-2180,Sales,Sales Manager,16/01/2023,72561,3,No,N/A
EMP-2181,Sales,Account Exec,11/12/2018,78714,5,No,N/A
EMP-2182,Engineering,DevOps Specialist,16/05/2020,92487,5,No,N/A
EMP-2183,Sales,Sales Manager,30/03/2018,100036,4,No,N/A
EMP-2184,Engineering,Software Engineer,20/04/2020,79275,5,Yes,Salary
EMP-2185,Marketing,Marketing Specialist,01/07/2021,66542,4,No,N/A
EMP-2186,Finance,Accountant,05/02/2022,87855,3,No,N/A
EMP-2187,Marketing,Content Creator,10/06/2018,39032,1,Yes,Work-Life Balance
EMP-2188,Sales,Sales Manager,10/07/2019,87451,2,Yes,Career Growth
EMP-2189,Engineering,Data Analyst,14/04/2023,67206,5,No,N/A
EMP-2190,Finance,Controller,23/10/2021,88732,2,Yes,Relocation
EMP-2191,HR,HR Manager,02/05/2018,59426,1,Yes,Relocation
EMP-2192,Engineering,DevOps Specialist,29/01/2020,71840,5,Yes,Career Growth
EMP-2193,Sales,Sales Rep,26/04/2022,84789,2,No,N/A
EMP-2194,Sales,Account Exec,21/11/2018,94218,4,No,N/A
EMP-2195,Sales,Sales Manager,08/10/2018,96577,2,Yes,Relocation
EMP-2196,Sales,Sales Manager,30/01/2022,52203,2,Yes,Relocation
EMP-2197,Engineering,DevOps Specialist,01/02/2023,70861,5,No,N/A
EMP-2198,Engineering,DevOps Specialist,13/11/2021,81651,1,Yes,Management
EMP-2199,Engineering,Software Engineer,17/04/2021,66790,4,No,N/A
EMP-2200,Sales,Sales Rep,17/06/2022,60354,3,No,N/A
EMP-2201,Engineering,Software Engineer,05/11/2020,91335,4,No,N/A
EMP-2202,Sales,Sales Manager,26/10/2018,71494,4,No,N/A
EMP-2203,Finance,Controller,19/04/2019,85911,2,No,N/A
EMP-2204,Sales,Sales Manager,04/07/2020,50366,1,Yes,Salary
EMP-2205,Finance,Financial Analyst,02/09/2022,89363,4,No,N/A
EMP-2206,Finance,Financial Analyst,15/02/2020,70890,5,No,N/A
EMP-2207,Sales,Sales Manager,26/11/2018,71274,4,No,N/A
EMP-2208,Engineering,Software Engineer,17/12/2019,80486,5,No,N/A
EMP-2209,Marketing,SEO Analyst,23/02/2019,65400,1,No,N/A
EMP-2210,Sales,Account Exec,22/12/2020,71723,1,Yes,Salary
EMP-2211,Sales,Account Exec,17/04/2020,79552,3,No,N/A
EMP-2212,Sales,Sales Rep,26/11/2022,73717,1,Yes,Management
EMP-2213,Sales,Sales Manager,10/04/2021,87392,2,Yes,Work-Life Balance
EMP-2214,Marketing,SEO Analyst,26/11/2019,86771,3,No,N/A
EMP-2215,Engineering,Data Analyst,14/05/2021,62578,5,No,N/A
EMP-2216,Sales,Sales Rep,09/12/2022,98440,2,No,N/A
EMP-2217,HR,HR Generalist,21/05/2019,77642,5,No,N/A
EMP-2218,Sales,Sales Rep,17/10/2019,75169,2,Yes,Career Growth
EMP-2219,Engineering,DevOps Specialist,09/06/2019,64023,3,Yes,Salary
EMP-2220,Engineering,Software Engineer,25/10/2021,89922,1,Yes,Relocation
EMP-2221,Sales,Account Exec,14/08/2018,65726,3,No,N/A
EMP-2222,Sales,Sales Rep,27/08/2021,71926,5,No,N/A
EMP-2223,Engineering,Software Engineer,08/06/2021,72442,5,No,N/A
EMP-2224,Sales,Sales Manager,25/08/2022,60427,4,No,N/A
EMP-2225,Marketing,SEO Analyst,21/10/2018,61676,1,No,N/A
EMP-2226,Engineering,Data Analyst,14/02/2019,53626,2,Yes,Relocation
EMP-2227,Sales,Sales Rep,02/10/2022,89847,5,No,N/A
EMP-2228,Sales,Sales Rep,10/03/2021,74962,5,No,N/A
EMP-2229,Engineering,Software Engineer,11/08/2019,93485,5,No,N/A
EMP-2230,Sales,Sales Rep,20/04/2018,87753,3,Yes,Work-Life Balance
EMP-2231,Sales,Account Exec,31/08/2022,98275,1,Yes,Management
EMP-2232,Engineering,Data Analyst,30/11/2020,56933,1,Yes,Management
EMP-2233,Sales,Sales Rep,09/12/2021,74978,2,Yes,Salary
EMP-2234,Engineering,DevOps Specialist,14/07/2019,81221,4,No,N/A
EMP-2235,Engineering,Data Analyst,30/01/2020,83978,2,Yes,Work-Life Balance
EMP-2236,Engineering,Data Analyst,10/03/2018,128748,4,No,N/A
EMP-2237,Sales,Account Exec,07/06/2018,71940,4,No,N/A
EMP-2238,Marketing,Marketing Specialist,07/02/2018,71713,1,Yes,Management
EMP-2239,Engineering,DevOps Specialist,21/02/2018,92753,4,No,N/A
EMP-2240,Marketing,SEO Analyst,25/06/2020,72376,3,No,N/A
EMP-2241,Sales,Sales Rep,12/12/2020,98439,1,Yes,Work-Life Balance
EMP-2242,Engineering,DevOps Specialist,22/08/2022,98776,3,No,N/A
EMP-2243,Engineering,Software Engineer,15/08/2020,60292,5,No,N/A
EMP-2244,HR,HR Generalist,03/03/2023,48988,3,No,N/A
EMP-2245,Sales,Sales Manager,06/01/2022,83395,2,Yes,Relocation
EMP-2246,Engineering,DevOps Specialist,24/01/2022,58109,2,Yes,Management
EMP-2247,Sales,Sales Manager,04/03/2018,59705,5,No,N/A
EMP-2248,Sales,Sales Rep,11/04/2021,53388,4,No,N/A
EMP-2249,Marketing,Marketing Specialist,15/04/2019,110415,5,No,N/A
EMP-2250,Engineering,Data Analyst,09/11/2021,81418,3,No,N/A
EMP-2251,Finance,Controller,07/09/2021,76757,5,No,N/A
EMP-2252,Marketing,SEO Analyst,25/01/2022,80469,4,No,N/A
EMP-2253,Engineering,Software Engineer,09/11/2020,71583,5,No,N/A
EMP-2254,Engineering,Software Engineer,26/07/2018,57898,2,Yes,Salary
EMP-2255,Engineering,DevOps Specialist,17/03/2021,81350,2,Yes,Salary
EMP-2256,Sales,Sales Rep,17/11/2022,101988,4,No,N/A
EMP-2257,Engineering,Data Analyst,20/07/2021,74088,5,No,N/A
EMP-2258,Sales,Sales Rep,24/07/2020,98206,4,No,N/A
EMP-2259,Engineering,Software Engineer,25/05/2022,62741,4,No,N/A
EMP-2260,Engineering,DevOps Specialist,22/04/2020,46418,1,No,N/A
EMP-2261,Engineering,DevOps Specialist,06/01/2022,84500,3,No,N/A
EMP-2262,Sales,Sales Manager,16/09/2022,69916,4,No,N/A
EMP-2263,Engineering,DevOps Specialist,01/07/2019,83139,4,No,N/A
EMP-2264,Marketing,Content Creator,20/06/2019,92556,3,No,N/A
EMP-2265,Sales,Account Exec,02/10/2019,69710,1,No,N/A
EMP-2266,Marketing,SEO Analyst,14/08/2018,57490,3,No,N/A
EMP-2267,HR,HR Manager,11/12/2021,42082,5,No,N/A
EMP-2268,Sales,Account Exec,27/08/2019,100882,1,No,N/A
EMP-2269,Sales,Sales Manager,27/01/2018,57584,2,Yes,Salary
EMP-2270,Engineering,DevOps Specialist,10/06/2019,93362,3,No,N/A
EMP-2271,Marketing,Content Creator,17/02/2021,60404,5,No,N/A
EMP-2272,HR,HR Manager,22/05/2020,73944,2,Yes,Salary
EMP-2273,Sales,Sales Rep,10/07/2018,95441,4,No,N/A
EMP-2274,Engineering,Data Analyst,04/11/2022,64948,2,Yes,Relocation
EMP-2275,Engineering,Data Analyst,20/02/2019,75211,5,No,N/A
EMP-2276,Engineering,DevOps Specialist,20/01/2018,77470,2,Yes,Management
EMP-2277,Sales,Account Exec,11/08/2022,79246,4,No,N/A
EMP-2278,HR,Recruiter,22/04/2023,75567,1,Yes,Management
EMP-2279,Engineering,Data Analyst,25/08/2018,82458,3,No,N/A
EMP-2280,Marketing,Content Creator,10/04/2020,66018,5,No,N/A
EMP-2281,Marketing,SEO Analyst,02/11/2018,77210,2,Yes,Relocation
EMP-2282,Engineering,DevOps Specialist,25/01/2020,65936,1,Yes,Salary
EMP-2283,Marketing,SEO Analyst,06/09/2021,84874,1,No,N/A
EMP-2284,Engineering,Software Engineer,15/12/2022,72789,5,No,N/A
EMP-2285,Engineering,Software Engineer,01/07/2018,71145,2,Yes,Salary
EMP-2286,Engineering,Software Engineer,30/01/2021,74801,1,Yes,Management
EMP-2287,Marketing,SEO Analyst,26/12/2019,114991,3,No,N/A
EMP-2288,Finance,Controller,07/12/2019,68795,5,Yes,Career Growth
EMP-2289,HR,HR Manager,21/09/2021,75881,5,No,N/A
EMP-2290,Engineering,DevOps Specialist,31/05/2022,83071,1,Yes,Work-Life Balance
EMP-2291,Marketing,Marketing Specialist,25/03/2021,66952,4,No,N/A
EMP-2292,Sales,Account Exec,04/07/2021,75306,1,Yes,Work-Life Balance
EMP-2293,Sales,Sales Rep,19/09/2021,68844,3,No,N/A
EMP-2294,HR,HR Manager,14/12/2021,73628,3,Yes,Management
EMP-2295,Engineering,Data Analyst,09/11/2022,88363,3,Yes,Work-Life Balance
EMP-2296,HR,HR Generalist,02/06/2020,62027,1,Yes,Relocation
EMP-2297,Finance,Financial Analyst,03/06/2021,92448,5,No,N/A
EMP-2298,Engineering,Software Engineer,19/04/2019,88559,2,Yes,Career Growth
EMP-2299,Engineering,Data Analyst,17/12/2019,79132,5,No,N/A
EMP-2300,Sales,Account Exec,22/07/2020,59963,3,Yes,Career Growth
EMP-2301,HR,HR Generalist,14/09/2019,43012,4,No,N/A
EMP-2302,Engineering,Software Engineer,05/07/2018,63154,4,No,N/A
EMP-2303,Engineering,Software Engineer,24/01/2020,68628,2,Yes,Management
EMP-2304,Engineering,Data Analyst,20/02/2021,64399,2,Yes,Work-Life Balance
EMP-2305,Engineering,Software Engineer,29/01/2019,86058,1,Yes,Career Growth
EMP-2306,HR,HR Manager,26/03/2022,74732,4,No,N/A
EMP-2307,Engineering,DevOps Specialist,09/09/2021,108262,3,No,N/A
EMP-2308,Sales,Account Exec,22/02/2023,76069,2,Yes,Salary
EMP-2309,Engineering,Software Engineer,27/06/2020,63514,2,Yes,Work-Life Balance
EMP-2310,HR,HR Generalist,19/10/2019,56623,1,Yes,Work-Life Balance
EMP-2311,Sales,Account Exec,14/03/2021,88685,4,Yes,Salary
EMP-2312,Sales,Account Exec,20/03/2021,54454,4,No,N/A
EMP-2313,Sales,Account Exec,10/06/2018,64708,5,Yes,Work-Life Balance
EMP-2314,Marketing,Marketing Specialist,10/09/2022,68810,4,No,N/A
EMP-2315,Sales,Sales Rep,29/01/2021,64687,3,No,N/A
EMP-2316,Engineering,Data Analyst,03/04/2020,85778,2,Yes,Career Growth
EMP-2317,Engineering,Software Engineer,11/09/2019,71749,2,Yes,Work-Life Balance
EMP-2318,Engineering,Data Analyst,04/10/2019,87645,4,No,N/A
EMP-2319,Finance,Financial Analyst,21/01/2020,60329,1,Yes,Management
EMP-2320,Sales,Sales Manager,23/09/2020,74074,1,Yes,Work-Life Balance
EMP-2321,Engineering,Software Engineer,01/05/2023,71935,3,No,N/A
EMP-2322,Marketing,Marketing Specialist,22/09/2019,83449,3,No,N/A
EMP-2323,Engineering,Data Analyst,07/08/2020,78711,5,No,N/A
EMP-2324,Engineering,Data Analyst,08/05/2020,73808,1,Yes,Work-Life Balance
EMP-2325,Sales,Sales Rep,17/12/2022,69487,1,No,N/A
EMP-2326,Sales,Sales Manager,14/02/2019,85985,4,No,N/A
EMP-2327,Engineering,DevOps Specialist,18/05/2023,70874,2,Yes,Salary
EMP-2328,Sales,Sales Rep,29/11/2018,66272,2,No,N/A
EMP-2329,Marketing,Content Creator,22/06/2020,74100,2,No,N/A
EMP-2330,Engineering,Software Engineer,28/03/2018,45903,3,No,N/A
EMP-2331,HR,Recruiter,17/12/2022,76900,3,No,N/A
EMP-2332,Sales,Account Exec,27/11/2022,43127,4,No,N/A
EMP-2333,Sales,Sales Manager,04/02/2020,81101,4,No,N/A
EMP-2334,HR,Recruiter,03/10/2021,95986,3,Yes,Career Growth
EMP-2335,Marketing,Marketing Specialist,16/05/2020,100678,3,No,N/A
EMP-2336,Marketing,Marketing Specialist,16/03/2023,73437,4,No,N/A
EMP-2337,Finance,Accountant,07/02/2022,75360,5,No,N/A
EMP-2338,Engineering,DevOps Specialist,21/06/2018,76853,4,No,N/A
EMP-2339,Engineering,Data Analyst,06/04/2022,98120,1,Yes,Work-Life Balance
EMP-2340,Finance,Financial Analyst,22/06/2022,87942,1,Yes,Relocation
EMP-2341,Engineering,Software Engineer,11/04/2020,96223,1,No,N/A
EMP-2342,Marketing,SEO Analyst,25/10/2022,78054,1,No,N/A
EMP-2343,Engineering,DevOps Specialist,31/07/2018,74751,3,No,N/A
EMP-2344,Sales,Account Exec,18/09/2021,75201,3,Yes,Salary
EMP-2345,Engineering,DevOps Specialist,12/05/2022,51031,3,No,N/A
EMP-2346,Engineering,Data Analyst,27/08/2022,72911,5,No,N/A
EMP-2347,Marketing,Content Creator,28/05/2023,76204,4,No,N/A
EMP-2348,Sales,Account Exec,26/09/2019,74030,2,Yes,Work-Life Balance
EMP-2349,Sales,Sales Rep,13/05/2020,76858,2,Yes,Salary
EMP-2350,Engineering,Data Analyst,09/03/2018,83593,3,No,N/A
EMP-2351,Sales,Account Exec,21/07/2018,75788,4,No,N/A
EMP-2352,Engineering,DevOps Specialist,12/10/2020,85177,3,No,N/A
EMP-2353,Marketing,SEO Analyst,23/10/2019,65910,1,Yes,Salary
EMP-2354,Finance,Financial Analyst,26/07/2019,46224,4,Yes,Salary
EMP-2355,Sales,Sales Manager,27/10/2020,73496,3,No,N/A
EMP-2356,Engineering,Data Analyst,30/12/2020,71278,4,Yes,Salary
EMP-2357,Engineering,Data Analyst,20/02/2018,81306,4,No,N/A
EMP-2358,Sales,Account Exec,13/04/2020,51429,5,No,N/A
EMP-2359,Marketing,Marketing Specialist,03/09/2020,56747,4,No,N/A
EMP-2360,Sales,Sales Rep,27/05/2022,58864,4,No,N/A
EMP-2361,Sales,Sales Rep,14/04/2019,90312,3,No,N/A
EMP-2362,Sales,Sales Rep,15/03/2020,86836,2,No,N/A
EMP-2363,HR,Recruiter,25/02/2023,63585,4,No,N/A
EMP-2364,Marketing,SEO Analyst,16/11/2018,81078,4,No,N/A
EMP-2365,Engineering,Software Engineer,23/02/2022,73883,4,No,N/A
EMP-2366,Engineering,Software Engineer,01/06/2021,100799,5,No,N/A
EMP-2367,Engineering,Software Engineer,23/10/2019,83745,4,No,N/A
EMP-2368,Engineering,Data Analyst,18/08/2021,96075,5,No,N/A
EMP-2369,Marketing,Marketing Specialist,29/11/2019,80024,3,No,N/A
EMP-2370,Sales,Sales Manager,07/11/2021,69046,4,No,N/A
EMP-2371,Engineering,DevOps Specialist,06/09/2020,69538,3,No,N/A
EMP-2372,Engineering,DevOps Specialist,21/06/2019,71129,3,No,N/A
EMP-2373,Marketing,Content Creator,17/09/2018,51706,2,Yes,Management
EMP-2374,Sales,Account Exec,21/11/2019,78672,4,No,N/A
EMP-2375,Sales,Sales Manager,13/02/2023,84298,4,No,N/A
EMP-2376,Sales,Sales Rep,28/10/2020,73476,4,No,N/A
EMP-2377,Sales,Sales Rep,05/08/2019,84019,1,Yes,Work-Life Balance
EMP-2378,Sales,Sales Rep,05/05/2019,76321,2,Yes,Management
EMP-2379,Finance,Controller,31/03/2019,110058,4,No,N/A
EMP-2380,Finance,Financial Analyst,09/11/2018,83883,3,No,N/A
EMP-2381,Sales,Sales Manager,07/10/2018,72458,3,No,N/A
EMP-2382,Sales,Account Exec,18/02/2018,65535,1,Yes,Work-Life Balance
EMP-2383,Engineering,Software Engineer,14/11/2019,88863,1,Yes,Career Growth
EMP-2384,Engineering,DevOps Specialist,10/10/2018,49342,5,No,N/A
EMP-2385,Sales,Account Exec,08/08/2019,72670,2,Yes,Management
EMP-2386,Engineering,Software Engineer,19/10/2020,60251,2,No,N/A
EMP-2387,Marketing,Content Creator,20/08/2019,86412,5,No,N/A
EMP-2388,Sales,Sales Manager,21/10/2018,76323,2,Yes,Relocation
EMP-2389,Sales,Sales Manager,09/07/2021,79981,3,No,N/A
EMP-2390,Engineering,Data Analyst,02/01/2020,69297,2,No,N/A
EMP-2391,Engineering,DevOps Specialist,19/05/2022,80997,2,Yes,Management
EMP-2392,Marketing,Marketing Specialist,24/05/2023,54859,4,No,N/A
EMP-2393,Sales,Sales Manager,18/06/2020,83624,1,Yes,Career Growth
EMP-2394,Sales,Sales Manager,25/09/2018,86041,2,Yes,Work-Life Balance
EMP-2395,Sales,Sales Manager,15/02/2022,58801,3,No,N/A
EMP-2396,Engineering,Data Analyst,15/06/2023,71046,1,Yes,Management
EMP-2397,Engineering,Software Engineer,08/02/2022,68708,4,No,N/A
EMP-2398,Engineering,Data Analyst,24/12/2020,75589,3,No,N/A
EMP-2399,Sales,Sales Manager,06/02/2022,71937,2,No,N/A
EMP-2400,Engineering,Data Analyst,09/03/2020,82381,3,No,N/A
EMP-2401,Engineering,Data Analyst,23/10/2021,74653,3,No,N/A
EMP-2402,Engineering,DevOps Specialist,06/10/2019,86984,4,No,N/A
EMP-2403,HR,HR Generalist,23/03/2020,91739,1,Yes,Relocation
EMP-2404,HR,HR Generalist,20/08/2020,60355,3,No,N/A
EMP-2405,Engineering,Software Engineer,19/01/2018,60876,3,Yes,Salary
EMP-2406,Engineering,DevOps Specialist,31/07/2021,111937,4,No,N/A
EMP-2407,Engineering,Software Engineer,21/06/2018,61832,4,No,N/A
EMP-2408,Engineering,DevOps Specialist,08/03/2019,95754,2,Yes,Work-Life Balance
EMP-2409,Finance,Accountant,14/03/2019,50928,1,No,N/A
EMP-2410,Marketing,Marketing Specialist,18/02/2020,66712,4,No,N/A
EMP-2411,HR,Recruiter,21/11/2020,73571,3,No,N/A
EMP-2412,Engineering,Software Engineer,26/02/2018,84842,3,Yes,Relocation
EMP-2413,Sales,Sales Manager,05/11/2021,61130,2,Yes,Salary
EMP-2414,Sales,Account Exec,24/08/2021,66836,4,No,N/A
EMP-2415,Engineering,Data Analyst,22/04/2022,85669,2,Yes,Salary
EMP-2416,Sales,Sales Manager,21/09/2020,72716,3,No,N/A
EMP-2417,Engineering,Software Engineer,13/03/2019,77593,5,No,N/A
EMP-2418,Sales,Sales Rep,24/05/2020,46544,2,Yes,Work-Life Balance
EMP-2419,Marketing,SEO Analyst,22/04/2019,68635,1,No,N/A
EMP-2420,Engineering,DevOps Specialist,19/02/2020,96854,1,No,N/A
EMP-2421,Sales,Account Exec,15/02/2021,74867,5,No,N/A
EMP-2422,Engineering,DevOps Specialist,16/12/2022,50797,2,Yes,Relocation
EMP-2423,Finance,Accountant,25/12/2019,87396,3,No,N/A
EMP-2424,Sales,Account Exec,15/07/2021,69344,1,Yes,Management
EMP-2425,Sales,Sales Rep,11/04/2020,84764,5,Yes,Work-Life Balance
EMP-2426,Sales,Sales Manager,27/02/2021,80760,1,Yes,Management
EMP-2427,Sales,Sales Rep,21/11/2021,94197,5,No,N/A
EMP-2428,Engineering,Data Analyst,23/06/2020,69187,3,No,N/A
EMP-2429,Sales,Account Exec,31/01/2022,79520,4,No,N/A
EMP-2430,Engineering,Data Analyst,18/01/2023,56454,1,Yes,Relocation
EMP-2431,Engineering,DevOps Specialist,20/09/2021,67031,4,Yes,Management
EMP-2432,HR,Recruiter,07/07/2021,79266,4,No,N/A
EMP-2433,Sales,Account Exec,18/08/2019,67301,2,Yes,Salary
EMP-2434,Sales,Account Exec,16/06/2021,87078,2,Yes,Work-Life Balance
EMP-2435,HR,HR Generalist,26/09/2018,104148,1,Yes,Management
EMP-2436,Sales,Sales Rep,17/04/2018,52685,5,No,N/A
EMP-2437,Finance,Financial Analyst,19/07/2022,52601,3,No,N/A
EMP-2438,Marketing,Marketing Specialist,27/07/2020,70982,5,No,N/A
EMP-2439,Sales,Sales Manager,06/04/2022,95310,2,No,N/A
EMP-2440,Finance,Controller,10/08/2018,102079,2,Yes,Career Growth
EMP-2441,Sales,Account Exec,13/05/2022,72758,4,Yes,Relocation
EMP-2442,Sales,Sales Rep,10/04/2022,82201,3,Yes,Work-Life Balance
EMP-2443,Engineering,DevOps Specialist,14/10/2018,60351,5,No,N/A
EMP-2444,Sales,Sales Rep,28/05/2022,95969,5,Yes,Relocation
EMP-2445,Engineering,DevOps Specialist,15/08/2021,71914,4,No,N/A
EMP-2446,Engineering,Software Engineer,24/12/2021,96386,5,No,N/A
EMP-2447,HR,Recruiter,07/01/2022,56394,5,No,N/A
EMP-2448,Finance,Accountant,24/08/2021,63238,5,No,N/A
EMP-2449,Engineering,Software Engineer,25/12/2019,52837,2,Yes,Salary
EMP-2450,Marketing,SEO Analyst,23/01/2020,64795,4,No,N/A
EMP-2451,Marketing,Content Creator,03/09/2018,74005,2,Yes,Relocation
EMP-2452,Engineering,Data Analyst,31/05/2022,42108,2,Yes,Career Growth
EMP-2453,Sales,Account Exec,13/01/2020,63579,3,No,N/A
EMP-2454,Marketing,Marketing Specialist,10/07/2022,39266,4,No,N/A
EMP-2455,Sales,Sales Manager,13/12/2022,104457,5,No,N/A
EMP-2456,Engineering,Data Analyst,26/02/2022,60441,4,No,N/A
EMP-2457,Sales,Sales Rep,05/05/2018,53210,3,No,N/A
EMP-2458,Sales,Sales Manager,07/06/2022,63160,4,No,N/A
EMP-2459,Engineering,Data Analyst,09/03/2023,64587,3,No,N/A
EMP-2460,Finance,Controller,29/09/2020,78025,2,Yes,Career Growth
EMP-2461,Engineering,Software Engineer,27/10/2022,71678,4,No,N/A
EMP-2462,Engineering,Software Engineer,03/08/2019,62722,3,No,N/A
EMP-2463,Engineering,Data Analyst,30/03/2022,90461,4,No,N/A
EMP-2464,Marketing,Content Creator,29/04/2023,39803,1,Yes,Management
EMP-2465,Marketing,Marketing Specialist,26/08/2021,59574,4,No,N/A
EMP-2466,Engineering,DevOps Specialist,10/01/2018,104722,4,No,N/A
EMP-2467,HR,Recruiter,05/04/2018,74572,4,No,N/A
EMP-2468,Sales,Sales Manager,08/01/2020,30212,4,No,N/A
EMP-2469,Sales,Account Exec,20/05/2019,65962,4,No,N/A
EMP-2470,Sales,Account Exec,12/02/2021,76539,3,No,N/A
EMP-2471,Engineering,Data Analyst,14/01/2021,63172,3,No,N/A
EMP-2472,Engineering,Data Analyst,15/11/2021,70587,4,No,N/A
EMP-2473,Sales,Account Exec,18/02/2021,65715,3,No,N/A
EMP-2474,Engineering,DevOps Specialist,30/08/2018,55894,4,No,N/A
EMP-2475,Sales,Sales Rep,24/03/2021,85846,2,Yes,Career Growth
EMP-2476,Finance,Controller,01/03/2019,70565,4,No,N/A
EMP-2477,Engineering,Data Analyst,20/01/2021,61773,2,No,N/A
EMP-2478,Engineering,Software Engineer,12/03/2022,65381,1,Yes,Career Growth
EMP-2479,Marketing,Content Creator,02/08/2020,88610,1,Yes,Relocation
EMP-2480,Marketing,Content Creator,30/05/2019,71707,5,Yes,Career Growth
EMP-2481,Engineering,Data Analyst,04/12/2018,59584,3,No,N/A
EMP-2482,Engineering,Data Analyst,05/09/2022,94639,2,Yes,Management
EMP-2483,Engineering,Software Engineer,02/09/2019,94321,1,Yes,Work-Life Balance
EMP-2484,Finance,Controller,19/11/2021,72256,3,No,N/A
EMP-2485,Sales,Sales Manager,19/08/2018,91384,5,No,N/A
EMP-2486,Finance,Accountant,20/10/2019,74563,1,Yes,Career Growth
EMP-2487,Sales,Sales Rep,07/02/2023,62577,3,Yes,Career Growth
EMP-2488,Sales,Sales Rep,29/07/2018,87399,4,No,N/A
EMP-2489,Finance,Financial Analyst,15/03/2018,63825,4,No,N/A
EMP-2490,Engineering,Data Analyst,17/06/2018,78537,4,No,N/A
EMP-2491,Sales,Sales Manager,21/07/2020,83618,5,No,N/A
EMP-2492,Engineering,Data Analyst,17/07/2018,61097,3,No,N/A
EMP-2493,Sales,Sales Manager,04/03/2020,75049,2,Yes,Management
EMP-2494,Marketing,Content Creator,19/03/2019,97462,5,No,N/A
EMP-2495,Sales,Sales Rep,23/08/2019,76075,2,No,N/A
EMP-2496,Sales,Sales Manager,01/04/2019,64648,3,No,N/A
EMP-2497,Marketing,Marketing Specialist,09/04/2022,79610,5,No,N/A
EMP-2498,Engineering,Data Analyst,04/02/2018,92491,1,Yes,Salary
EMP-2499,Sales,Sales Rep,10/05/2022,86961,4,No,N/A
